﻿<?xml version="1.0" encoding="utf-8"?>
<Module>
	<Name value = "Elite trooper expand"/>
	<Id value = "Elitetrooperexpand"/>
	<Version value = "v1.3.6"/>
	<SingleplayerModule value="true"/>
	<MultiplayerModule value="false"/>
	<DependedModules>
        <DependedModule Id="Native" DependentVersion="v1.1.0" Optional="true"/>
        <DependedModule Id="SandBoxCore" DependentVersion="v1.1.0" Optional="true"/>
        <DependedModule Id="Sandbox" DependentVersion="v1.1.0" Optional="true"/>
        <DependedModule Id="CustomBattle" DependentVersion="v1.1.0" Optional="true"/>
        <DependedModule Id="StoryMode" DependentVersion="v1.1.0" Optional="true"/>
	</DependedModules>
    <SubModules>
	</SubModules>
   <Xmls>
	<XmlNode>
		<XmlName id="NPCCharacters" path="npccharacters"/>
		<IncludedGameTypes>
			<Gametype value = "Campaign"/>
			<Gametype value = "CampaignStoryMode"/>
			<GameType value = "CustomGame"/>
		</IncludedGameTypes>
	</XmlNode>
	<XmlNode>
		<XmlName id="NPCCharacters" path="merc"/>
		<IncludedGameTypes>
			<Gametype value = "Campaign"/>
			<Gametype value = "CampaignStoryMode"/>
			<GameType value = "CustomGame"/>
		</IncludedGameTypes>
	</XmlNode>
	<XmlNode>
		<XmlName id="NPCCharacters" path="caravan"/>
		<IncludedGameTypes>
			<Gametype value = "Campaign"/>
			<Gametype value = "CampaignStoryMode"/>
			<GameType value = "CustomGame"/>
		</IncludedGameTypes>
	</XmlNode>
	<XmlNode>                
			<XmlName id="SPCultures" path="cultures"/>
			<IncludedGameTypes>
				<GameType value = "Campaign"/>
				<GameType value = "CampaignStoryMode"/>
				<GameType value = "CustomGame"/>			
			</IncludedGameTypes>
		</XmlNode>             
	<XmlNode>  
			<XmlName id="Items" path="items"/>
			<IncludedGameTypes>
				<GameType value = "Campaign"/>
				<GameType value = "CampaignStoryMode"/>
				<GameType value = "CustomGame"/>
			</IncludedGameTypes>
		</XmlNode>
	<XmlNode>
			<XmlName id="partyTemplates" path="partyTemplates"/>
			<IncludedGameTypes>
				<GameType value = "Campaign"/>
				<GameType value = "CampaignStoryMode"/>
			</IncludedGameTypes>
		</XmlNode>
	<XmlNode>
            <XmlName id="CraftingPieces" path="crafting_pieces"/>
            <IncludedGameTypes>
                <GameType value = "Campaign"/>
                <GameType value = "CampaignStoryMode"/>
                <GameType value = "CustomGame"/>
            </IncludedGameTypes>
    </XmlNode>
	<XmlNode>
            <XmlName id="CraftingTemplates" path="crafting_templates"/>
            <IncludedGameTypes>
                <GameType value = "Campaign"/>
                <GameType value = "CampaignStoryMode"/>
                <GameType value = "CustomGame"/>
            </IncludedGameTypes>
    </XmlNode>	
	<XmlNode>
            <XmlName id="WeaponDescriptions" path="weapon_descriptions"/>
            <IncludedGameTypes>
                <GameType value = "Campaign"/>
                <GameType value = "CampaignStoryMode"/>
                <GameType value = "CustomGame"/>
            </IncludedGameTypes>
    </XmlNode>	
	<XmlNode>                
			<XmlName id="NPCCharacters" path="specialcharacters"/>
			<IncludedGameTypes>
				<GameType value = "Campaign"/>
				<GameType value = "CampaignStoryMode"/>
			</IncludedGameTypes>
		</XmlNode>          
	<XmlNode>                
			<XmlName id="EquipmentRosters" path="ete_equipment_sets"/>
			<IncludedGameTypes>
				<GameType value = "Campaign"/>
				<GameType value = "CampaignStoryMode"/>
			</IncludedGameTypes>
	</XmlNode>      
   </Xmls>
</Module>