﻿<?xml version="1.0" encoding="utf-8"?>
<CraftingPieces>
  <CraftingPiece id="spear_blade_38"
                 name="{=nr3K4od2}Pilum Head"
                 tier="4"
                 piece_type="Blade"
                 mesh="spear_blade_38"
                 length="23.7"
                 weight="0.0744"
                 excluded_item_usage_features="swing">
    <BladeData stack_amount="2"
               physics_material="wood_weapon"
               body_name="bo_spear_b"
               holster_mesh="throwing_spear_quiver_4"
               holster_body_name="bo_throwing_spear_quiver_4"
               holster_mesh_length="96.8" >
      <Thrust damage_type="Pierce"
              damage_factor="2.8" />
    </BladeData>
    <Flags>
      <Flag name="BonusAgainstShield" />
    </Flags>
    <Materials>
      <Material id="Iron3"
                count="1" />
    </Materials>
  </CraftingPiece>
  <CraftingPiece id="spear_blade_13"
                 name="{=MpVC0RXl}Northern Triangular Spear"
                 tier="5"
                 piece_type="Blade"
                 mesh="spear_blade_13"
                 length="50.864"
                 weight="0.3592"
                 excluded_item_usage_features="swing">
    <BladeData stack_amount="3"
               physics_material="wood_weapon"
               body_name="bo_spear_b">
      <Thrust damage_type="Pierce"
              damage_factor="3.0" />
    </BladeData>
    <Flags>
    </Flags>
    <Materials>
      <Material id="Iron5"
                count="2" />
    </Materials>
  </CraftingPiece>

  <CraftingPiece
		id="spear_blade_27"
		name="{=1rGNXUaJ}Thin Fine Steel Hewing Spear Head"
		tier="5"
		piece_type="Blade"
		mesh="spear_blade_27"
		length="69.5"
		weight="0.5"
		excluded_item_usage_features="swing">
		<BladeData
			stack_amount="4"
			physics_material="wood_weapon"
			body_name="bo_spear_b"
			holster_mesh="throwing_spear_quiver_2"
			holster_body_name="bo_throwing_spear_quiver_2"
			holster_mesh_length="94.6">
			<Thrust
				damage_type="Pierce"
				damage_factor="2.8" />
		</BladeData>
		<Materials>
			<Material
				id="Iron5"
				count="2" />
		</Materials>
	</CraftingPiece>

  <CraftingPiece id="mace_head_38"
		             name="{=CeeJmlSq}Heavy Shishpar Head"
		             tier="4"
		             piece_type="Blade"
		             mesh="mace_head_38"
		             length="15.2"
		             weight="1.70"
	             	 full_scale="true"
		             excluded_item_usage_features="thrust">
		<BladeData
			stack_amount="3"
			physics_material="wood_weapon"
			body_name="bo_mace_a">
			<Swing damage_type="Blunt"
				     damage_factor="2.0" />
		</BladeData>
    <Flags>
			<Flag
				name="CanKnockDown" />
		</Flags>
		<Materials>
			<Material
				id="Iron5"
				count="3" />
		</Materials>
	</CraftingPiece>

  <CraftingPiece
		id="battania_2hhammer_head"
		name="{=0SpLcthg}Highland Spiked Club"
		tier="2"
		piece_type="Blade"
		mesh="mace_head_5"
		length="25.5"
		weight="1.2"
		full_scale="true">
		<BladeData
			stack_amount="3"
			physics_material="wood_weapon"
			body_name="bo_mace_a">
			<Thrust
				damage_type="Pierce"
				damage_factor="1" />
			<Swing
				damage_type="Pierce"
				damage_factor="1.95" />
		</BladeData>
    <Flags>
			<Flag
				name="CanKnockDown" />
		</Flags>
		<Materials>
			<Material
				id="Iron2"
				count="2" />
			<Material
				id="Wood"
				count="1" />
		</Materials>
	</CraftingPiece>

  <CraftingPiece
		id="mace_head_31"
		name="{=1NLsucbu}Heavy Flanged Mace Head"
		tier="3"
		piece_type="Blade"
		mesh="mace_head_31"
		length="28.5"
		weight="1.258"
		full_scale="true"
		excluded_item_usage_features="thrust">
		<BladeData
			stack_amount="3"
			physics_material="wood_weapon"
			body_name="bo_mace_a">
			<Swing
				damage_type="Blunt"
				damage_factor="1.89" />
		</BladeData>
     <Flags>
			<Flag
				name="CanKnockDown" />
		</Flags>
		<Materials>
			<Material
				id="Iron3"
				count="3" />
		</Materials>
	</CraftingPiece>

  <CraftingPiece
		id="mace_head_33"
		name="{=MQEuR8Yz}Studded Long Heavy Mace Head"
		tier="3"
		piece_type="Blade"
		mesh="mace_head_33"
		length="27"
		weight="1.45"
		full_scale="true"
		excluded_item_usage_features="thrust">
		<BladeData
			stack_amount="3"
			physics_material="wood_weapon"
			body_name="bo_mace_a">
			<Swing
				damage_type="Blunt"
				damage_factor="1.89" />
		</BladeData>
     <Flags>
			<Flag
				name="CanKnockDown" />
		</Flags>
		<Materials>
			<Material
				id="Iron3"
				count="3" />
		</Materials>
	</CraftingPiece>

  <CraftingPiece
		id="mace_head_32"
		name="{=WrvDoYKa}Heavy Long Flanged Mace Head"
		tier="4"
		piece_type="Blade"
		mesh="mace_head_32"
		length="28"
		weight="1.35"
		full_scale="true"
		excluded_item_usage_features="thrust">
		<BladeData
			stack_amount="3"
			physics_material="wood_weapon"
			body_name="bo_mace_a">
			<Swing
				damage_type="Blunt"
				damage_factor="2.25" />
		</BladeData>
      <Flags>
			<Flag
				name="CanKnockDown" />
		</Flags>
		<Materials>
			<Material
				id="Iron4"
				count="3" />
		</Materials>
	</CraftingPiece>

  <CraftingPiece id="axe_craft_8_head_2h"
                 name="{=WkTkxQfw}Rectangular Bit Blade"
                 tier="5"
                 piece_type="Blade"
                 mesh="axe_craft_8_head"
                 distance_to_next_piece="11.156"
                 distance_to_previous_piece="1.96"
                 weight="0.751">
    <BuildData piece_offset="-3.92" />
    <BladeData stack_amount="3"
               blade_length="22.332"
               blade_width="23.205"
               physics_material="metal_weapon"
               body_name="bo_axe_longer_b">
      <Swing damage_type="Cut"
             damage_factor="3.2" />
    </BladeData>
    <Flags>
      <Flag name="CanBePickedUpFromCorpse"
            type="ItemFlags" />
    </Flags>
    <Materials>
      <Material id="Iron4"
                count="3" />
      <Material id="Iron5"
                count="3" />
    </Materials>
  </CraftingPiece>

  <CraftingPiece
		id="axe_craft_9_head_2h"
		name="{=8S6ZYPFD}Round Bitted Fine Steel Hatchet Head"
		tier="5"
		piece_type="Blade"
		mesh="axe_craft_9_head"
		distance_to_next_piece="4.642"
		distance_to_previous_piece="2.104"
		weight="0.666">
		<BuildData
			piece_offset="-4.208" />
		<BladeData
			stack_amount="3"
			blade_length="11.538"
			blade_width="26.876"
			physics_material="metal_weapon"
			body_name="bo_axe_longer_b">
			<Swing
				damage_type="Cut"
				damage_factor="3.2" />
		</BladeData>
		<Flags>
			<Flag
				name="CanBePickedUpFromCorpse"
				type="ItemFlags" />
		</Flags>
		<Materials>
			<Material
				id="Iron4"
				count="3" />
			<Material
				id="Iron5"
				count="1" />
		</Materials>
	</CraftingPiece>

 <!-- #two-hand swing polearm -->
   <CraftingPiece id="spear_blade_7"
                 name="{=dXRt8jY4}Menavlion Head"
                 tier="4"
                 piece_type="Blade"
                 mesh="spear_blade_7"
                 length="52.924"
                 weight="0.3656">
    <BladeData stack_amount="3"
               physics_material="wood_weapon"
               body_name="bo_spear_b">
      <Thrust damage_type="Pierce"
              damage_factor="2.9" />
      <Swing damage_type="Cut"
             damage_factor="2.8" />
    </BladeData>
    <Materials>
      <Material id="Iron4"
                count="1" />
    </Materials>
  </CraftingPiece>

  <CraftingPiece id="axe_craft_10_head"
                 name="{=LNDbMUK0}Voulge Head"
                 tier="4"
                 piece_type="Blade"
                 mesh="axe_craft_10_head"
                 distance_to_next_piece="23"
                 distance_to_previous_piece="4"
                 weight="0.7">
    <BuildData piece_offset="-8" />
    <BladeData stack_amount="3"
               blade_length="23.118"
               blade_width="18.371"
               physics_material="metal_weapon"
               body_name="bo_axe_longer_b">
      <Thrust damage_type="Pierce"
              damage_factor="2.7" />
      <Swing damage_type="Cut"
             damage_factor="3.2" />
    </BladeData>
    <Flags>
      <Flag name="CanBePickedUpFromCorpse"
            type="ItemFlags" />
    </Flags>
    <Materials>
      <Material id="Iron5"
                count="2" />
    </Materials>
  </CraftingPiece>

  <CraftingPiece id="spear_blade_18"
                 name="{=qSV6C2tp}Swordstaff Head"
                 tier="5"
                 piece_type="Blade"
                 mesh="spear_blade_18"
                 length="70"
                 weight="0.6">
    <BladeData stack_amount="3"
               physics_material="wood_weapon"
               body_name="bo_spear_b">
      <Thrust damage_type="Pierce"
              damage_factor="2.9" />
      <Swing damage_type="Cut"
             damage_factor="3.3" />
    </BladeData>
    <Materials>
      <Material id="Iron4"
                count="2" />
    </Materials>
  </CraftingPiece>

  <CraftingPiece id="spear_blade_22"
                 name="{=3ged5Ozt}Exceptional Eastern Glaive"
                 tier="4"
                 piece_type="Blade"
                 mesh="spear_blade_22"
                 length="89"
                 weight="0.8456">
    <BladeData stack_amount="3"
               physics_material="wood_weapon"
               body_name="bo_spear_b">
      <Thrust damage_type="Pierce"
              damage_factor="1.7" />
      <Swing damage_type="Cut"
             damage_factor="3.0" />
    </BladeData>
    <Materials>
      <Material id="Iron5"
                count="2" />
    </Materials>
  </CraftingPiece>
  

  <CraftingPiece id="spear_blade_19"
                 name="{=OBeOZ27b}Glaive Head"
                 tier="4"
                 piece_type="Blade"
                 mesh="spear_blade_19"
                 length="37.4"
                 weight="0.4408">
    <BladeData stack_amount="3"
               physics_material="wood_weapon"
               body_name="bo_spear_b">
      <Thrust damage_type="Pierce"
              damage_factor="1.9" />
      <Swing damage_type="Cut"
             damage_factor="3.0" />
    </BladeData>
    <Materials>
      <Material id="Iron4"
                count="1" />
    </Materials>
  </CraftingPiece>

   <CraftingPiece id="spear_blade_24"
                 name="{=bjQ8J71a}Long Glaive Head"
                 tier="5"
                 piece_type="Blade"
                 mesh="spear_blade_24"
                 length="68"
                 weight="0.5">
    <BladeData stack_amount="3"
               physics_material="wood_weapon"
               body_name="bo_spear_b">
      <Thrust damage_type="Pierce"
              damage_factor="2.5" />
      <Swing damage_type="Cut"
             damage_factor="3.4" />
    </BladeData>
    <Materials>
      <Material id="Iron5"
                count="2" />
    </Materials>
  </CraftingPiece>

   <CraftingPiece id="spear_blade_33"
                 name="{=R62maL2H}Bill Head"
                 tier="2"
                 piece_type="Blade"
                 mesh="spear_blade_33"
                 length="35.5"
                 weight="0.4296"
                 excluded_item_usage_features="shield:thrust">
    <BladeData stack_amount="3"
               physics_material="wood_weapon"
               body_name="bo_spear_b">
      <Swing damage_type="Cut"
             damage_factor="2.6" />
    </BladeData>
    <Flags>
      <Flag name="CanHook" />
    </Flags>
    <Materials>
      <Material id="Iron2"
                count="1" />
    </Materials>
  </CraftingPiece>

  <CraftingPiece id="spear_blade_43"
                 name="{=wait0O6m}Warrazor Head"
                 tier="4"
                 piece_type="Blade"
                 mesh="spear_blade_43"
                 length="64.4"
                 weight="0.43"
                 excluded_item_usage_features="">
    <BladeData stack_amount="3"
               physics_material="wood_weapon"
               body_name="bo_spear_b">
      <Thrust damage_type="Pierce"
              damage_factor="2.6" />
      <Swing damage_type="Cut"
             damage_factor="3.3" />
    </BladeData>
    <Materials>
      <Material id="Iron4"
                count="2" />
    </Materials>
  </CraftingPiece>

  <CraftingPiece id="spear_blade_44"
                 name="{=PmPxx2gK}Bent Razor Head"
                 tier="4"
                 piece_type="Blade"
                 mesh="spear_blade_44"
                 length="80"
                 weight="0.43"
                 excluded_item_usage_features="shield:thrust">
    <BladeData stack_amount="3"
               physics_material="wood_weapon"
               body_name="bo_spear_b">
      <Swing damage_type="Cut"
             damage_factor="3.3" />
    </BladeData>
    <Flags>
      <Flag name="CanHook" />
    </Flags>
    <Materials>
      <Material id="Iron4"
                count="2" />
    </Materials>
  </CraftingPiece>

  <CraftingPiece id="spear_blade_45"
                 name="{=LNDbMUK0}Voulge Head"
                 tier="4"
                 piece_type="Blade"
                 mesh="spear_blade_45"
                 length="40"
                 weight="0.43"
                 excluded_item_usage_features="">
    <BladeData stack_amount="3"
               physics_material="wood_weapon"
               body_name="bo_spear_b">
      <Thrust damage_type="Pierce"
              damage_factor="2.8" />
      <Swing damage_type="Cut"
             damage_factor="3.3" />
    </BladeData>
    <Flags>
      <Flag name="CanHook" />
    </Flags>
    <Materials>
      <Material id="Iron4"
                count="2" />
    </Materials>
  </CraftingPiece>

 <!-- #throwing axe -->
  <CraftingPiece id="axe_craft_12_head_th"
                 name="{=cK6D7cyn}Large Franziska Head"
                 tier="4"
                 piece_type="Blade"
                 mesh="axe_craft_12_head"
                 distance_to_next_piece="5"
                 distance_to_previous_piece="1.5"
                 weight="0.595">
    <BuildData piece_offset="-3" />
    <BladeData stack_amount="3"
               blade_length="11.622"
               blade_width="23.945"
               physics_material="metal_weapon"
               body_name="bo_axe_longer_b"
               holster_mesh="throwing_axe_quiver_1">
      <Swing damage_type="Cut"
             damage_factor="3.6" />
    </BladeData>
    <Flags>
      <Flag name="CanBePickedUpFromCorpse"
            type="ItemFlags" />
      <Flag name="BonusAgainstShield" />
    </Flags>
    <Materials>
      <Material id="Iron4"
                count="3" />
    </Materials>
  </CraftingPiece>

  <CraftingPiece id="axe_craft_13_head"
                 name="{=hSSk6tTn}Throwing Axe Head"
                 tier="4"
                 piece_type="Blade"
                 mesh="axe_craft_13_head"
                 distance_to_next_piece="2.7"
                 distance_to_previous_piece="1.6"
                 weight="0.481">
    <BuildData piece_offset="-3.2" />
    <BladeData stack_amount="4"
               blade_length="8.707"
               blade_width="16.898"
               physics_material="metal_weapon"
               body_name="bo_axe_longer_b"
               holster_mesh="throwing_axe_quiver_1">
      <Swing damage_type="Cut"
             damage_factor="3.7" />
    </BladeData>
    <Materials>
      <Material id="Iron4"
                count="3" />
    </Materials>
    <Flags>
      <Flag name="CanBePickedUpFromCorpse"
            type="ItemFlags" />
      <Flag name="BonusAgainstShield" />
    </Flags>
  </CraftingPiece>

  <CraftingPiece id="axe_craft_4_head"
                 name="{=fdR6zYiP}Franziska Head"
                 tier="4"
                 piece_type="Blade"
                 mesh="axe_craft_4_head"
                 distance_to_next_piece="5.787"
                 distance_to_previous_piece="1.483"
                 weight="0.453"
                 is_default="true">
    <BuildData piece_offset="-2.966" />
    <BladeData stack_amount="3"
               blade_length="10.566"
               blade_width="19.257"
               physics_material="metal_weapon"
               body_name="bo_axe_longer_b"
               holster_mesh="throwing_axe_quiver_1">
      <Swing damage_type="Cut"
             damage_factor="3.3" />
    </BladeData>
    <Materials>
      <Material id="Iron4"
                count="3" />
    </Materials>
    <Flags>
      <Flag name="CanBePickedUpFromCorpse"
            type="ItemFlags" />
      <Flag name="BonusAgainstShield" />
    </Flags>
  </CraftingPiece>

  <CraftingPiece id="axe_craft_31_head"
                 name="{=sNJNDDKN}Small Axe Head"
                 tier="2"
                 piece_type="Blade"
                 mesh="axe_craft_31_head"
                 distance_to_next_piece="6.7"
                 distance_to_previous_piece="4"
                 weight="0.586">
    <BuildData piece_offset="-8" />
    <BladeData stack_amount="3"
               blade_length="13.366"
               blade_width="13.211"
               physics_material="metal_weapon"
               body_name="bo_axe_longer_b"
               holster_mesh="throwing_axe_quiver_1">
      <Swing damage_type="Cut"
             damage_factor="3.0" />
    </BladeData>
    <Flags>
      <Flag name="CanBePickedUpFromCorpse"
            type="ItemFlags" />
      <Flag name="BonusAgainstShield" />
    </Flags>
    <Materials>
      <Material id="Iron2"
                count="2" />
    </Materials>
  </CraftingPiece>

<!-- #two-hand axe -->
   <CraftingPiece id="axe_craft_22_head"
                 name="{=IxCaIvUk}Large Northern Broad Head With Decorated Neck"
                 tier="5"
                 piece_type="Blade"
                 mesh="axe_craft_22_head"
                 distance_to_next_piece="9.3"
                 distance_to_previous_piece="2"
                 weight="1.0">
    <BuildData piece_offset="-4" />
    <BladeData stack_amount="3"
               blade_length="20.781"
               blade_width="30.384"
               physics_material="metal_weapon"
               body_name="bo_axe_longer_b">
      <Swing damage_type="Cut"
             damage_factor="3.3" />
    </BladeData>
    <Flags>
      <Flag name="CanBePickedUpFromCorpse"
            type="ItemFlags" />
    </Flags>
    <Materials>
      <Material id="Iron5"
                count="2" />
      <Material id="Iron4"
                count="2" />
    </Materials>
  </CraftingPiece>

  <CraftingPiece id="axe_craft_7_head"
                 name="{=USWfzbuW}Northern Broad Great Axe Head"
                 tier="3"
                 piece_type="Blade"
                 mesh="axe_craft_7_head"
                 distance_to_next_piece="14.96"
                 distance_to_previous_piece="2.712"
                 weight="0.7296">
    <BuildData piece_offset="-5.424" />
    <BladeData stack_amount="3"
               blade_length="28.366"
               blade_width="28.192"
               physics_material="metal_weapon"
               body_name="bo_axe_longer_b">
      <Swing damage_type="Cut"
             damage_factor="2.95" />
    </BladeData>
    <Flags>
      <Flag name="CanBePickedUpFromCorpse"
            type="ItemFlags" />
    </Flags>
    <Materials>
      <Material id="Iron2"
                count="3" />
      <Material id="Iron3"
                count="1" />
    </Materials>
  </CraftingPiece>

  <CraftingPiece id="axe_craft_1_head"
                 name="{=NfPgejKk}Drilled Sparth Blade"
                 tier="4"
                 piece_type="Blade"
                 mesh="axe_craft_1_head"
                 distance_to_next_piece="5.402"
                 distance_to_previous_piece="2.747"
                 weight="0.6792">
    <BuildData piece_offset="-8.241" />
    <BladeData stack_amount="3"
               blade_length="16.651"
               blade_width="26.744"
               physics_material="metal_weapon"
               body_name="bo_axe_longer_b">
      <Swing damage_type="Cut"
             damage_factor="3.1" />
    </BladeData>
    <Flags>
      <Flag name="CanBePickedUpFromCorpse"
            type="ItemFlags" />
    </Flags>
    <Materials>
      <Material id="Iron4"
                count="2" />
      <Material id="Iron3"
                count="2" />
    </Materials>
  </CraftingPiece>

   <CraftingPiece id="axe_craft_16_head"
                 name="{=0gteBOD7}Bardiche Head"
                 tier="4"
                 piece_type="Blade"
                 mesh="axe_craft_16_head"
                 distance_to_next_piece="28.8"
                 distance_to_previous_piece="6"
                 weight="0.95">
    <BuildData piece_offset="-12" />
    <BladeData stack_amount="3"
               blade_length="57.435"
               blade_width="23.337"
               physics_material="metal_weapon"
               body_name="bo_axe_longer_b">
      <Swing damage_type="Cut"
             damage_factor="2.9" />
    </BladeData>
    <Flags>
      <Flag name="CanBePickedUpFromCorpse"
            type="ItemFlags" />
    </Flags>
    <Materials>
      <Material id="Iron4"
                count="4" />
    </Materials>
  </CraftingPiece>

  <CraftingPiece id="axe_craft_17_head"
                 name="{=R62maL2H}Bill Head"
                 tier="4"
                 piece_type="Blade"
                 mesh="axe_craft_17_head"
                 distance_to_next_piece="21"
                 distance_to_previous_piece="3.8"
                 weight="1.132">
    <BuildData piece_offset="-7.6" />
    <BladeData stack_amount="3"
               blade_length="33.887"
               blade_width="22.47"
               physics_material="metal_weapon"
               body_name="bo_axe_longer_b">
      <Swing damage_type="Cut"
             damage_factor="3.1" />
    </BladeData>
    <Flags>
      <Flag name="CanBePickedUpFromCorpse"
            type="ItemFlags" />
    </Flags>
    <Materials>
      <Material id="Iron4"
                count="2" />
    </Materials>
  </CraftingPiece>

   <CraftingPiece id="axe_craft_38_head"
                 name="{=SEsx3kZz}Heavy Bardiche Head"
                 tier="5"
                 piece_type="Blade"
                 mesh="axe_craft_16_head"
                 distance_to_next_piece="28.8"
                 distance_to_previous_piece="6"
                 weight="1.15">
    <BuildData piece_offset="-12" />
    <BladeData stack_amount="3"
               blade_length="57.435"
               blade_width="23.337"
               physics_material="metal_weapon"
               body_name="bo_axe_longer_b">
      <Swing damage_type="Cut"
             damage_factor="3.3" />
    </BladeData>
    <Flags>
      <Flag name="CanBePickedUpFromCorpse"
            type="ItemFlags" />
    </Flags>
    <Materials>
      <Material id="Iron5"
                count="3" />
      <Material id="Iron4"
                count="2" />
    </Materials>
  </CraftingPiece>

   <CraftingPiece id="axe_craft_34_head"
                 name="{=a0erBuF1}Hooked Axe Head"
                 tier="4"
                 piece_type="Blade"
                 mesh="axe_craft_34_head"
                 distance_to_next_piece="8.8"
                 distance_to_previous_piece="4"
                 weight="1.0">
    <BuildData piece_offset="-8" />
    <BladeData stack_amount="3"
               blade_length="20.281"
               blade_width="19.8"
               physics_material="metal_weapon"
               body_name="bo_axe_longer_b">
      <Swing damage_type="Cut"
             damage_factor="3.2" />
    </BladeData>
    <Flags>
      <Flag name="CanBePickedUpFromCorpse"
            type="ItemFlags" />
    </Flags>
    <Materials>
      <Material id="Iron4"
                count="1" />
      <Material id="Iron3"
                count="2" />
    </Materials>
  </CraftingPiece>
  <!-- #two-hand sword -->
   <CraftingPiece id="battania_blade_6"
                 name="{=IUlApNGp}Long Falx Blade"
                 tier="4"
                 piece_type="Blade"
                 mesh="battania_blade_6"
                 culture="Culture.battania"
                 length="95.6"
                 weight="1.0"
                 excluded_item_usage_features="thrust">
    <BladeData stack_amount="3"
               physics_material="metal_weapon"
               body_name="bo_sword_one_handed">
      <Swing damage_type="Cut"
             damage_factor="4.1" />
    </BladeData>
    <Flags>
      <Flag name="BonusAgainstShield" />
    </Flags>
    <Materials>
      <Material id="Iron5"
                count="3" />
    </Materials>
  </CraftingPiece>

   <CraftingPiece id="cleaver_blade_3"
                 name="{=G8Fb2RPa}Pointed Falchion Blade"
                 tier="4"
                 piece_type="Blade"
                 mesh="cleaver_blade_3"
                 culture="Culture.aserai"
                 length="101"
                 weight="1.4"
                 excluded_item_usage_features="thrust">
    <BladeData stack_amount="3"
               physics_material="metal_weapon"
               body_name="bo_sword_one_handed">
      <Swing damage_type="Cut"
             damage_factor="4.0" />
    </BladeData>
    <Materials>
      <Material id="Iron2"
                count="3" />
    </Materials>
  </CraftingPiece>

   <CraftingPiece id="cleaver_blade_4"
                 name="{=gTzMtKYu}Star Falchion Blade Head"
                 tier="3"
                 piece_type="Blade"
                 mesh="cleaver_blade_4"
                 culture="Culture.vlandia"
                 length="96.8"
                 weight="1.75"
                 excluded_item_usage_features="thrust">
    <BladeData stack_amount="3"
               physics_material="metal_weapon"
               body_name="bo_sword_one_handed">
      <Swing damage_type="Cut"
             damage_factor="3.7" />
    </BladeData>
    <Materials>
      <Material id="Iron3"
                count="4" />
    </Materials>
  </CraftingPiece>

 <!-- #spear -->
  <CraftingPiece id="spear_blade_8"
                 name="{=CdBAvJdP}Kontos Head"
                 tier="3"
                 piece_type="Blade"
                 mesh="spear_blade_8"
                 length="60.153"
                 weight="0.7"
                 excluded_item_usage_features="swing">
    <BladeData stack_amount="3"
               physics_material="wood_weapon"
               body_name="bo_spear_b">
      <Thrust damage_type="Pierce"
              damage_factor="2.3" />
    </BladeData>
    <Materials>
      <Material id="Iron3"
                count="2" />
    </Materials>
  </CraftingPiece>

   <CraftingPiece id="spear_blade_4"
                 name="{=ZcUNAfKT}Extra Long Fine Steel Spear Head"
                 tier="4"
                 piece_type="Blade"
                 mesh="spear_blade_4"
                 length="72.558"
                 weight="0.6168"
                 excluded_item_usage_features="swing">
    <BladeData stack_amount="3"
               physics_material="wood_weapon"
               body_name="bo_spear_b">
      <Thrust damage_type="Pierce"
              damage_factor="2.8" />
    </BladeData>
    <Materials>
      <Material id="Iron4"
                count="2" />
    </Materials>
  </CraftingPiece>

  <CraftingPiece id="spear_blade_35"
		name="{=ZUp9mm79}Jagged Spear Head"
		tier="3"
		piece_type="Blade"
		mesh="spear_blade_35"
		length="41"
		weight="0.3056"
		excluded_item_usage_features="swing">
		<BladeData
			stack_amount="5"
			physics_material="wood_weapon"
			body_name="bo_spear_b"
			holster_mesh="throwing_spear_quiver_5_1"
			holster_body_name="bo_throwing_spear_quiver_5_1"
			holster_mesh_length="96.7">
			<Thrust
				damage_type="Pierce"
				damage_factor="2.0" />
		</BladeData>
		<Materials>
			<Material
				id="Iron3"
				count="3" />
		</Materials>
	</CraftingPiece>

 <CraftingPiece id="spear_blade_42"
                 name="{=9aYBy1RN}Fine Steel Leaf Spear Head"
                 tier="4"
                 piece_type="Blade"
                 mesh="spear_blade_42"
                 length="42"
                 weight="0.2456"
                 excluded_item_usage_features="swing">
    <BladeData stack_amount="4"
               physics_material="wood_weapon"
               body_name="bo_spear_b"
               holster_mesh="throwing_spear_quiver_4_1"
               holster_body_name="bo_throwing_spear_quiver_4_1"
               holster_mesh_length="96.2">
      <Thrust damage_type="Pierce"
              damage_factor="2.6" />
    </BladeData>
    <Materials>
      <Material id="Iron4"
                count="2" />
    </Materials>
  </CraftingPiece>

  <CraftingPiece id="spear_blade_15"
		name="{=Y4tIQnS4}Short Simple Spear Head"
		tier="2"
		piece_type="Blade"
		mesh="spear_blade_15"
		length="22.862"
		weight="0.2136"
		excluded_item_usage_features="swing">
		<BladeData
			stack_amount="6"
			physics_material="wood_weapon"
			body_name="bo_spear_b"
			holster_mesh="throwing_spear_quiver_1_1"
			holster_body_name="bo_throwing_spear_quiver_1_1"
			holster_mesh_length="68.9">
			<Thrust
				damage_type="Pierce"
				damage_factor="1.7" />
		</BladeData>
		<Materials>
			<Material
				id="Iron2"
				count="1" />
		</Materials>
	</CraftingPiece>

  <CraftingPiece
		id="spear_blade_9"
		name="{=r3R6RM9G}Short Simple Pike Head"
		tier="1"
		piece_type="Blade"
		mesh="spear_blade_9"
		length="23.328"
		weight="0.204"
		excluded_item_usage_features="swing"
		is_default="true">
		<BladeData
			stack_amount="6"
			physics_material="wood_weapon"
			body_name="bo_spear_b"
			holster_mesh="throwing_spear_quiver_3_1"
			holster_body_name="bo_throwing_spear_quiver_3_1"
			holster_mesh_length="96.8">
			<Thrust
				damage_type="Pierce"
				damage_factor="1.6" />
		</BladeData>
		<Materials>
			<Material
				id="Iron2"
				count="1" />
		</Materials>
	</CraftingPiece>

  <CraftingPiece id="spear_blade_16"
		name="{=Js1FKwrL}Javelin Head"
		tier="2"
		piece_type="Blade"
		mesh="spear_blade_16"
		length="23.328"
		weight="0.204"
		excluded_item_usage_features="swing">
		<BladeData
			stack_amount="6"
			physics_material="wood_weapon"
			body_name="bo_spear_b"
			holster_mesh="throwing_spear_quiver_3_1"
			holster_body_name="bo_throwing_spear_quiver_3_1"
			holster_mesh_length="96.8">
			<Thrust
				damage_type="Pierce"
				damage_factor="1.8" />
		</BladeData>
		<Materials>
			<Material
				id="Iron2"
				count="1" />
		</Materials>
	</CraftingPiece>

   <CraftingPiece id="spear_blade_41"
                 name="{=TKVxb6QD}Thamaskene Steel Leaf Shaped Spear Head"
                 tier="4"
                 piece_type="Blade"
                 mesh="spear_blade_41"
                 length="53.2"
                 weight="0.2792"
                 excluded_item_usage_features="swing">
    <BladeData stack_amount="1"
               physics_material="wood_weapon"
               body_name="bo_spear_b">
      <Thrust damage_type="Pierce"
              damage_factor="2.7" />
    </BladeData>
    <Materials>
      <Material id="Iron5"
                count="2" />
    </Materials>
  </CraftingPiece>

   <CraftingPiece id="spear_blade_6"
                 name="{=S75vUGzK}Fine Steel Hewing Spear Head"
                 tier="5"
                 piece_type="Blade"
                 mesh="spear_blade_6"
                 length="84.4"
                 weight="0.4"
                 excluded_item_usage_features="swing">
    <BladeData stack_amount="3"
               physics_material="wood_weapon"
               body_name="bo_spear_b">
      <Thrust damage_type="Pierce"
              damage_factor="2.9" />
    </BladeData>
    <Materials>
      <Material id="Iron5"
                count="1" />
    </Materials>
  </CraftingPiece>

   <CraftingPiece id="spear_blade_11"
                 name="{=S9zZO7qJ}Fine Steel Pike Head"
                 tier="4"
                 piece_type="Blade"
                 mesh="spear_blade_11"
                 length="34.56"
                 weight="0.3096"
                 excluded_item_usage_features="swing">
    <BladeData stack_amount="3"
               physics_material="wood_weapon"
               body_name="bo_spear_b">
      <Thrust damage_type="Pierce"
              damage_factor="2.7" />
    </BladeData>
    <Materials>
      <Material id="Iron4"
                count="1" />
    </Materials>
  </CraftingPiece>

  <CraftingPiece id="spear_blade_36"
                 name="{=nRKOX66b}Jagged Fine Steel Spear Head"
                 tier="4"
                 piece_type="Blade"
                 mesh="spear_blade_36"
                 length="42.5"
                 weight="0.268"
                 excluded_item_usage_features="swing">
    <BladeData stack_amount="3"
               physics_material="wood_weapon"
               body_name="bo_spear_b">
      <Thrust damage_type="Pierce"
              damage_factor="2.5" />
    </BladeData>
    <Materials>
      <Material id="Iron4"
                count="2" />
    </Materials>
  </CraftingPiece>

<!-- #dagger -->

 <CraftingPiece id="dagger_blade_1"
                 name="{=gXUXjtuL}Kama Blade"
                 tier="1"
                 piece_type="Blade"
                 mesh="dagger_blade_1"
                 length="39"
                 weight="0.3"
                 is_default="true">
    <BladeData stack_amount="3"
               physics_material="metal_weapon"
               body_name="bo_knife_a"
               holster_mesh="dagger_blade_1_scabbard_1">
      <Thrust damage_type="Pierce"
              damage_factor="2.6" />
      <Swing damage_type="Cut"
             damage_factor="3.3" />
    </BladeData>
    <Flags>
      <Flag name="Civilian"
            type="ItemFlags" />
    </Flags>
    <Materials>
      <Material id="Iron3"
                count="1" />
    </Materials>
  </CraftingPiece>
  <CraftingPiece id="dagger_blade_2"
                 name="{=dtSrK9bs}Broad Seax Blade"
                 tier="2"
                 piece_type="Blade"
                 mesh="dagger_blade_2"
                 length="40"
                 weight="0.45">
    <BladeData stack_amount="3"
               physics_material="metal_weapon"
               body_name="bo_knife_a"
               holster_mesh="dagger_blade_2_scabbard_1">
      <Thrust damage_type="Pierce"
              damage_factor="2.4" />
      <Swing damage_type="Cut"
             damage_factor="3.7" />
    </BladeData>
    <Flags>
      <Flag name="Civilian"
            type="ItemFlags" />
    </Flags>
    <Materials>
      <Material id="Iron3"
                count="1" />
    </Materials>
  </CraftingPiece>
  <CraftingPiece id="dagger_blade_3"
                 name="{=aBnaaaHv}Long Seax Blade"
                 tier="3"
                 piece_type="Blade"
                 mesh="dagger_blade_3"
                 length="47"
                 weight="0.42">
    <BladeData stack_amount="3"
               physics_material="metal_weapon"
               body_name="bo_knife_a"
               holster_mesh="dagger_blade_3_scabbard_1">
      <Thrust damage_type="Pierce"
              damage_factor="2.7" />
      <Swing damage_type="Cut"
             damage_factor="3.6" />
    </BladeData>
    <Flags>
      <Flag name="CanBePickedUpFromCorpse"
            type="ItemFlags" />
      <Flag name="Civilian"
            type="ItemFlags" />
    </Flags>
    <Materials>
      <Material id="Iron4"
                count="1" />
    </Materials>
  </CraftingPiece>
  <CraftingPiece id="dagger_blade_4"
                 name="{=pb4zUxzA}Makhaira Blade"
                 tier="3"
                 piece_type="Blade"
                 mesh="dagger_blade_4"
                 length="38"
                 weight="0.4">
    <BladeData stack_amount="3"
               physics_material="metal_weapon"
               body_name="bo_knife_a"
               holster_mesh="dagger_blade_4_scabbard_1">
      <Thrust damage_type="Pierce"
              damage_factor="1.9" />
      <Swing damage_type="Cut"
             damage_factor="3.9" />
    </BladeData>
    <Flags>
      <Flag name="Civilian"
            type="ItemFlags" />
    </Flags>
    <Materials>
      <Material id="Iron4"
                count="2" />
    </Materials>
  </CraftingPiece>
  <CraftingPiece id="dagger_blade_5"
                 name="{=ZbSKazZG}Short Seax Blade"
                 tier="1"
                 piece_type="Blade"
                 mesh="dagger_blade_5"
                 length="32"
                 weight="0.325">
    <BladeData stack_amount="3"
               physics_material="metal_weapon"
               body_name="bo_knife_a"
               holster_mesh="dagger_blade_5_scabbard_1">
      <Thrust damage_type="Pierce"
              damage_factor="2.2" />
      <Swing damage_type="Cut"
             damage_factor="3.2" />
    </BladeData>
    <Flags>
      <Flag name="Civilian"
            type="ItemFlags" />
    </Flags>
    <Materials>
      <Material id="Iron2"
                count="1" />
    </Materials>
  </CraftingPiece>
  <CraftingPiece id="dagger_blade_6"
                 name="{=f0syWNR7}Poniard Blade"
                 tier="3"
                 piece_type="Blade"
                 mesh="dagger_blade_6"
                 length="44.7"
                 weight="0.35">
    <BladeData stack_amount="3"
               physics_material="metal_weapon"
               body_name="bo_knife_a"
               holster_mesh="dagger_blade_6_scabbard_2">
      <Thrust damage_type="Pierce"
              damage_factor="2.8" />
      <Swing damage_type="Cut"
             damage_factor="3.2" />
    </BladeData>
    <Flags>
      <Flag name="Civilian"
            type="ItemFlags" />
    </Flags>
    <Materials>
      <Material id="Iron4"
                count="2" />
    </Materials>
  </CraftingPiece>
  <CraftingPiece id="dagger_blade_6_blunt"
                 name="{=Xo7l8eae}Blunt Blade"
                 tier="1"
                 piece_type="Blade"
                 mesh="dagger_blade_6"
                 length="44.7"
                 weight="0.27"
                 is_hidden="true">
    <BladeData stack_amount="3"
               physics_material="metal_weapon"
               body_name="bo_knife_a"
               holster_mesh="dagger_blade_6_scabbard_1">
      <Thrust damage_type="Blunt"
              damage_factor="2.16" />
      <Swing damage_type="Blunt"
             damage_factor="2.34" />
    </BladeData>
    <Flags>
      <Flag name="Civilian"
            type="ItemFlags" />
    </Flags>
    <Materials>
      <Material id="Iron4"
                count="3" />
    </Materials>
  </CraftingPiece>
  <CraftingPiece id="dagger_blade_7"
                 name="{=KNisROi1}Broad Skaen Blade"
                 tier="2"
                 piece_type="Blade"
                 mesh="dagger_blade_7"
                 length="40"
                 weight="0.325">
    <BladeData stack_amount="3"
               physics_material="metal_weapon"
               body_name="bo_knife_a"
               holster_mesh="dagger_blade_7_scabbard_1">
      <Thrust damage_type="Pierce"
              damage_factor="2.7" />
      <Swing damage_type="Cut"
             damage_factor="3.3" />
    </BladeData>
    <Flags>
      <Flag name="Civilian"
            type="ItemFlags" />
    </Flags>
    <Materials>
      <Material id="Iron3"
                count="1" />
    </Materials>
  </CraftingPiece>

   <CraftingPiece id="dagger_blade_8"
                 name="{=b30mn7KF}Khanjar Blade"
                 tier="3"
                 piece_type="Blade"
                 mesh="dagger_blade_8"
                 length="37.9"
                 weight="0.535">
    <BladeData stack_amount="3"
               physics_material="metal_weapon"
               body_name="bo_knife_a"
               holster_mesh="dagger_blade_8_scabbard_1">
      <Thrust damage_type="Pierce"
              damage_factor="2.2" />
      <Swing damage_type="Cut"
             damage_factor="3.8" />
    </BladeData>
    <Flags>
      <Flag name="Civilian"
            type="ItemFlags" />
    </Flags>
    <Materials>
      <Material id="Iron4"
                count="2" />
    </Materials>
  </CraftingPiece>

  <CraftingPiece id="dagger_blade_9"
                 name="{=SgJH5KtP}Sica Blade"
                 tier="3"
                 piece_type="Blade"
                 mesh="dagger_blade_9"
                 length="43"
                 weight="0.475">
    <BladeData stack_amount="3"
               physics_material="metal_weapon"
               body_name="bo_knife_a"
               holster_mesh="dagger_blade_9_scabbard_1">
      <Thrust damage_type="Pierce"
              damage_factor="2.7" />
      <Swing damage_type="Cut"
             damage_factor="3.6" />
    </BladeData>
    <Flags>
      <Flag name="Civilian"
            type="ItemFlags" />
    </Flags>
    <Materials>
      <Material id="Iron4"
                count="1" />
    </Materials>
  </CraftingPiece>
  <CraftingPiece id="dagger_blade_10"
                 name="{=TLtaGEcB}Wide Makhaira Blade"
                 tier="2"
                 piece_type="Blade"
                 mesh="dagger_blade_10"
                 length="30"
                 weight="0.475">
    <BladeData stack_amount="3"
               physics_material="metal_weapon"
               body_name="bo_knife_a"
               holster_mesh="throwing_dagger_quiver_2"
               holster_mesh_length="35.8">
      <Thrust damage_type="Pierce"
              damage_factor="2.4" />
      <Swing damage_type="Cut"
             damage_factor="3.5" />
    </BladeData>
    <Flags>
      <Flag name="Civilian"
            type="ItemFlags" />
    </Flags>
    <Materials>
      <Material id="Iron3"
                count="1" />
    </Materials>
  </CraftingPiece>
  <CraftingPiece id="dagger_blade_11"
                 name="{=ykTYTbek}Throwing Knife Blade"
                 tier="2"
                 piece_type="Blade"
                 mesh="dagger_blade_11"
                 length="30"
                 weight="0.4">
    <BladeData stack_amount="3"
               physics_material="metal_weapon"
               body_name="bo_knife_a"
               holster_mesh="throwing_dagger_quiver_2"
               holster_mesh_length="35.8">
      <Thrust damage_type="Pierce"
              damage_factor="2.4" />
      <Swing damage_type="Cut"
             damage_factor="3.3" />
    </BladeData>
    <Flags>
      <Flag name="Civilian"
            type="ItemFlags" />
    </Flags>
    <Materials>
      <Material id="Iron3"
                count="1" />
    </Materials>
  </CraftingPiece>
  <CraftingPiece id="dagger_blade_12"
                 name="{=HysmKS5a}Ridged Wide Dagger Blade"
                 tier="1"
                 piece_type="Blade"
                 mesh="dagger_blade_12"
                 length="25.2"
                 weight="0.49"
                 is_default="true">
    <BladeData stack_amount="3"
               physics_material="metal_weapon"
               body_name="bo_knife_a"
               holster_mesh="throwing_dagger_quiver_3"
               holster_mesh_length="35.8">
      <Thrust damage_type="Pierce"
              damage_factor="2.2" />
      <Swing damage_type="Cut"
             damage_factor="3.5" />
    </BladeData>
    <Flags>
      <Flag name="Civilian"
            type="ItemFlags" />
    </Flags>
    <Materials>
      <Material id="Iron2"
                count="1" />
    </Materials>
  </CraftingPiece>
  <CraftingPiece id="dagger_blade_13"
                 name="{=5o5DaSHZ}Broad Dagger Blade"
                 tier="2"
                 piece_type="Blade"
                 mesh="dagger_blade_13"
                 length="29"
                 weight="0.42">
    <BladeData stack_amount="3"
               physics_material="metal_weapon"
               body_name="bo_knife_a"
               holster_mesh="throwing_dagger_quiver_1"
               holster_mesh_length="35.8">
      <Thrust damage_type="Pierce"
              damage_factor="2.8" />
      <Swing damage_type="Cut"
             damage_factor="3.1" />
    </BladeData>
    <Flags>
      <Flag name="Civilian"
            type="ItemFlags" />
    </Flags>
    <Materials>
      <Material id="Iron3"
                count="2" />
    </Materials>
  </CraftingPiece>
  <CraftingPiece id="dagger_blade_13_blunt"
                 name="{=GFBFgA7R}Broad Blunt Dagger Blade"
                 tier="2"
                 piece_type="Blade"
                 mesh="dagger_blade_13"
                 length="29"
                 weight="0.475"
                 is_hidden="true">
    <BladeData stack_amount="3"
               physics_material="metal_weapon"
               body_name="bo_knife_a"
               holster_mesh="throwing_dagger_quiver_1"
               holster_mesh_length="35.8">
      <Thrust damage_type="Blunt"
              damage_factor="2.16" />
      <Swing damage_type="Blunt"
             damage_factor="3.15" />
    </BladeData>
    <Flags>
      <Flag name="Civilian"
            type="ItemFlags" />
    </Flags>
    <Materials>
      <Material id="Iron3"
                count="2" />
    </Materials>
  </CraftingPiece>
 

  <CraftingPiece id="dagger_blade_14"
                 name="{=QH0oIiIz}Long Broad Dagger Blade"
                 tier="3"
                 piece_type="Blade"
                 mesh="dagger_blade_14"
                 length="35"
                 weight="0.475">
    <BladeData stack_amount="3"
               physics_material="metal_weapon"
               body_name="bo_knife_a"
               holster_mesh="throwing_dagger_quiver_4"
               holster_mesh_length="35.8">
      <Thrust damage_type="Pierce"
              damage_factor="2.9" />
      <Swing damage_type="Cut"
             damage_factor="3.3" />
    </BladeData>
    <Flags>
      <Flag name="Civilian"
            type="ItemFlags" />
    </Flags>
    <Materials>
      <Material id="Iron4"
                count="1" />
    </Materials>
  </CraftingPiece>

  

</CraftingPieces>