﻿<Module>
  <Name value="Horses"/>
  <Id value="Horses"/>
  <Version value="v1.0.3.1"/>
  <SingleplayerModule value="true"/>
  <DependedModules>
    <DependedModule Id="Native"/>
    <DependedModule Id="SandBoxCore"/>
    <DependedModule Id="Sandbox"/>
    <DependedModule Id="StoryMode" />
  </DependedModules>
  <SubModules>
    <SubModule>
      <Name value="Horses"/>
      <DLLName value="Horses.dll"/>
      <SubModuleClassType value="Horses.SubModule"/>
      <Tags>
        <Tag key="DedicatedServerType" value="none" />
        <Tag key="IsNoRenderModeElement" value="false" />
      </Tags>
    </SubModule>
  </SubModules>
  <Xmls/>
</Module>