﻿<?xml version="1.0" encoding="utf-8"?>
<Items>

    <Item multiplayer_item="false"
        id="stripped_leather_harness_heavy"
        name="{=harness1}Heavy Striped Leather Harness"
        mesh="horse_harness_imperial_a_clotest"
        culture="Culture.empire"
        subtype="body_armor"
        weight="39"
        difficulty="0"
        appearance="1"
        Type="HorseHarness">
    <ItemComponent>
      <Armor body_armor="30"
             mane_cover_type="none"
             family_type="1"
             reins_mesh="horse_harness_imperial_a_rein"
             material_type="Leather" />
    </ItemComponent>
    <Flags Civilian="true" />
  </Item>

  <Item multiplayer_item="false"
        id="steppe_harness_heavy"
        name="{=harness3}Heavy Steppe Saddle"
        mesh="horse_harness_khuzait_b_clotest"
        culture="Culture.khuzait"
        subtype="body_armor"
        weight="47"
        difficulty="0"
        appearance="1"
        Type="HorseHarness">
    <ItemComponent>
      <Armor body_armor="28"
             mane_cover_type="none"
             family_type="1"
             reins_mesh="horse_harness_khuzait_b_rein"
             material_type="Chainmail" />
    </ItemComponent>
    <Flags Civilian="true" />
  </Item>

  <Item
		id="War_light_harness"
		name="{=harness6}Light War Harness"
		mesh="horse_harness_b"
		weight="40"
		appearance="1"
		Type="HorseHarness">
		<ItemComponent>
			<Armor
				body_armor="25"
				mane_cover_type="none"
				maneuver_bonus="0"
				speed_bonus="0"
				charge_bonus="0"
				family_type="1"
				material_type="Leather" />
		</ItemComponent>
		<Flags
			Civilian="true" />
	</Item>

   <Item id="War_camel_saddle"
        name="{=eteharness2}War Camel Saddle"
        mesh="camel_saddle1"
        culture="Culture.aserai"
        weight="130"
        appearance="1"
        Type="HorseHarness">
    <ItemComponent>
      <Armor body_armor="35"
             mane_cover_type="none"
             family_type="2"
             material_type="Leather" />
    </ItemComponent>
    <Flags Civilian="true" />
  </Item>

  <Item multiplayer_item="false"
        id="desert_cloth_harness_heavy"
        name="{=harness4}Heavy Beduin Cloth Saddle"
        mesh="horse_harness_aserai_a_clotest"
        culture="Culture.aserai"
        subtype="body_armor"
        weight="45"
        difficulty="0"
        appearance="1"
        Type="HorseHarness">
    <ItemComponent>
      <Armor body_armor="24"
             mane_cover_type="none"
             reins_mesh="horse_harness_aserai_a_rein"
             family_type="1"
             material_type="Cloth" />
    </ItemComponent>
    <Flags Civilian="true" />
  </Item>
 
  <Item multiplayer_item="false"
        id="aseran_village_harness_heavy"
        name="{=harness5}Heavy Beduin Common Saddle"
        mesh="horse_harness_aserai_b_clotest"
        culture="Culture.aserai"
        subtype="body_armor"
        weight="54"
        difficulty="0"
        appearance="1"
        Type="HorseHarness">
    <ItemComponent>
      <Armor body_armor="24"
             mane_cover_type="none"
             family_type="1"
             reins_mesh="horse_harness_aserai_b_rein"
             material_type="Cloth" />
    </ItemComponent>
    <Flags Civilian="true" />
  </Item>

  <Item id="varangian_bra_mail"
        name="{=P0FmQHgF}Decorated Leather Harness over Mail"
        mesh="varangian_bra_mail"
        culture="Culture.empire"
        weight="4.2"
        appearance="7"
        Type="Cape">
    <ItemComponent>
      <Armor body_armor="14"
             arm_armor="9"
             modifier_group="chain"
             material_type="Chainmail" />
    </ItemComponent>
    <Flags />
  </Item>
  
  <Item id="varangian_bra_scale"
        name="{=eN1eFdhF}Decorated Leather Harness over Scale"
        mesh="varangian_bra_scale"
        culture="Culture.empire"
        weight="4.8"
        appearance="8"
        Type="Cape">
    <ItemComponent>
      <Armor body_armor="15"
             arm_armor="9"
             modifier_group="plate"
             material_type="Plate" />
    </ItemComponent>
    <Flags />
  </Item>

  <Item
		id="brass_aserai_helmet_closed"
		name="{=pxTmx2ka}Brass Southern Closed Helmet"
		subtype="head_armor"
		mesh="brass_aserai_helmet_closed"
		culture="Culture.aserai"
		weight="2.5"
		difficulty="0"
		appearance="7"
		Type="HeadArmor">
		<ItemComponent>
			<Armor
				head_armor="42"
				has_gender_variations="false"
				hair_cover_type="all"
				modifier_group="plate"
				material_type="Plate"
				beard_cover_type="all" />
		</ItemComponent>
		<Flags />
	</Item>


	<Item
		id="brass_aserai_helmet_b_closed"
		name="{=HrLupYXP}Brass Southern Closed Helmet with Turban"
		subtype="head_armor"
		mesh="brass_aserai_helmet_b_closed"
		culture="Culture.aserai"
		weight="2.55"
		difficulty="0"
		appearance="8"
		Type="HeadArmor">
		<ItemComponent>
			<Armor
				head_armor="43"
				has_gender_variations="false"
				hair_cover_type="all"
				modifier_group="plate"
				material_type="Plate"
				beard_cover_type="all" />
		</ItemComponent>
		<Flags
			UseTeamColor="true" />
	</Item>
	<Item
		id="brass_aserai_helmet_open"
		name="{=uRsU67qC}Brass Southern Helmet"
		subtype="head_armor"
		mesh="brass_aserai_helmet_open"
		culture="Culture.aserai"
		weight="2.2"
		difficulty="0"
		appearance="7"
		Type="HeadArmor">
		<ItemComponent>
			<Armor
				head_armor="38"
				has_gender_variations="false"
				hair_cover_type="all"
				modifier_group="plate"
				material_type="Plate"
				beard_cover_type="none" />
		</ItemComponent>
		<Flags />
	</Item>
	<Item
		id="brass_aserai_helmet_b_open"
		name="{=ahN0UNxw}Brass Southern Helmet with Turban"
		subtype="head_armor"
		mesh="brass_aserai_helmet_b_open"
		culture="Culture.aserai"
		weight="2.3"
		difficulty="0"
		appearance="8"
		Type="HeadArmor">
		<ItemComponent>
			<Armor
				head_armor="39"
				has_gender_variations="false"
				hair_cover_type="all"
				modifier_group="plate"
				material_type="Plate"
				beard_cover_type="none" />
		</ItemComponent>
		<Flags
			UseTeamColor="true" />
	</Item>
	<Item
		id="brass_aserai_helmet_leather"
		name="{=dHv9Dbkp}Brass Southern Helmet with Leather Flaps"
		subtype="head_armor"
		mesh="brass_aserai_helmet_leather"
		culture="Culture.aserai"
		weight="1.8"
		difficulty="0"
		appearance="6"
		Type="HeadArmor">
		<ItemComponent>
			<Armor
				head_armor="36"
				has_gender_variations="false"
				hair_cover_type="all"
				modifier_group="plate"
				material_type="Plate"
				beard_cover_type="none" />
		</ItemComponent>
		<Flags
			UseTeamColor="true" />
	</Item>
	<Item
		id="brass_aserai_helmet_b_leather"
		name="{=E5b3gc6R}Brass Turbaned Helmet with Leather Flaps"
		subtype="head_armor"
		mesh="brass_aserai_helmet_b_leather"
		culture="Culture.aserai"
		weight="1.9"
		difficulty="0"
		appearance="7"
		Type="HeadArmor">
		<ItemComponent>
			<Armor
				head_armor="37"
				has_gender_variations="false"
				hair_cover_type="all"
				modifier_group="plate"
				material_type="Plate"
				beard_cover_type="none" />
		</ItemComponent>
		<Flags
			UseTeamColor="true" />
	</Item>

<!-- weapons -->
  <CraftedItem id="ete_sword_empire_1"
		 name="{=etesword1}Master Work Spatha"
               crafting_template="OneHandedSword"
               culture="Culture.empire"
               modifier_group="sword">
<Pieces>
        <Piece id="empire_blade_7"
		 Type="Blade"/>
        <Piece id="empire_guard_3"
		 Type="Guard"/>
        <Piece id="empire_grip_1"
		 Type="Handle"/>
        <Piece id="empire_pommel_4"
		 Type="Pommel"/>
</Pieces>
<!-- Length: 110 Weight: 1.42 -->
  </CraftedItem>

  <CraftedItem id="javelin_generic"
							 name="{=etejavelin2}Javelin"
							 crafting_template="Javelin"
               modifier_group="spear_dart_throwing">
<Pieces>
<Piece id="spear_blade_16"
			 Type="Blade"/>
<Piece id="default_polearm_guard"
			 Type="Guard"/>
<Piece id="spear_handle_11"
			 Type="Handle"/>
<Piece id="default_polearm_pommel"
			 Type="Pommel"/>
</Pieces>
<!-- Length: 68 Weight: 1.07 -->
</CraftedItem>

<CraftedItem id="throwing_spear"
							 name="{=etespear8}Throwing Spear"
							 crafting_template="TwoHandedPolearm"
               modifier_group="polearm">
<Pieces>
<Piece id="spear_blade_15"
			 Type="Blade"
			 scale_factor="105"/>
<Piece id="default_polearm_guard"
			 Type="Guard"/>
<Piece id="spear_handle_14"
			 Type="Handle"
			 scale_factor="104"/>
<Piece id="default_polearm_pommel"
			 Type="Pommel"/>
</Pieces>
<!-- Length: 131 Weight: 1.52 -->
</CraftedItem>

  <CraftedItem id="imperial_throwing_spear_bundle"
							 name="{=etejavelin1}Bundle Of Pilum"
							 crafting_template="Javelin"
               culture="Culture.empire"
               modifier_group="spear_dart_throwing">
<Pieces>
<Piece id="spear_blade_38"
			 Type="Blade"/>
<Piece id="default_polearm_guard"
			 Type="Guard"/>
<Piece id="spear_handle_14"
			 Type="Handle"/>
<Piece id="default_polearm_pommel"
			 Type="Pommel"/>
</Pieces>
<!-- Length: 127 Weight: 1.32 -->
</CraftedItem>

  <CraftedItem id="ete_sword_empire_2"
		 name="{=etesword2}Fine Steel Short Spatha"
		 crafting_template="OneHandedSword"
               culture="Culture.empire"
               modifier_group="sword">
<Pieces>
        <Piece id="empire_noble_blade_4"
		 Type="Blade"/>
        <Piece id="vlandian_guard_6"
		 Type="Guard"/>
        <Piece id="empire_grip_2"
		 Type="Handle"/>
        <Piece id="empire_pommel_5"
		 Type="Pommel"/>
</Pieces>
<!-- Length: 104 Weight: 1.8 -->
</CraftedItem>

  <CraftedItem id="ete_2haxe_battania_1"
		name="{=ete2haxe1}Simple Highland Two Handed Axe"
		crafting_template="TwoHandedAxe"
              culture="Culture.battania"
              modifier_group="axe">
  <Pieces>
        <Piece id="axe_craft_14_head"
		 Type="Blade"/>
  <Piece id="axe_craft_8_handle"
		 Type="Handle"/>
  <Piece id="default_polearm_pommel"
		 Type="Pommel"/>
</Pieces>
<!-- Length: 82 Weight: 1.38 -->
</CraftedItem>

<CraftedItem id="ete_2haxe_empire_1"
							 name="{=ete2haxe2}Varangian Rectangular Axe "
							 crafting_template="TwoHandedAxe"
               culture="Culture.empire"
               modifier_group="axe">
<Pieces>
<Piece id="axe_craft_8_head_2h"
			 Type="Blade"/>
<Piece id="axe_craft_6_handle"
			 Type="Handle"/>
<Piece id="default_polearm_pommel"
			 Type="Pommel"/>
</Pieces>
<!-- Length: 124 Weight: 1.39 -->
</CraftedItem>

<CraftedItem id="ete_sword_aserai_1"
							 name="{=etesword6}Light Fine Steel Long Kaskara"
               crafting_template="OneHandedSword"
							 culture="Culture.aserai"
	          	 modifier_group="sword">
<Pieces>
<Piece id="aserai_blade_23"
			 Type="Blade"
			 scale_factor="99"/>
<Piece id="aserai_guard_3"
			 Type="Guard"/>
<Piece id="aserai_grip_7"
			 Type="Handle"/>
<Piece id="aserai_noble_pommel_1"
			 Type="Pommel"/>
</Pieces>
<!-- Length: 99 Weight: 1.29 -->
</CraftedItem>

<CraftedItem id="ete_2hmace_battania_1"
             name="{=ete2hmace1}Two Handed Spiked Club"
	      crafting_template="TwoHandedMace"
             modifier_group="mace">
<Pieces>
      <Piece id="mace_head_35"
	      Type="Blade"/>
      <Piece id="mace_handle_19"
	      Type="Handle"/>
      <Piece id="default_polearm_pommel"
	      Type="Pommel"/>
</Pieces>
<!-- Length: 97 Weight: 1.09 -->
</CraftedItem>

<CraftedItem id="ete_2hmace_battania_2"
             name="{=ete2hmace2}Two Handed Heavy Spiked Club"
	      crafting_template="TwoHandedMace"
             modifier_group="mace">
<Pieces>
      <Piece id="battania_2hhammer_head"
	      Type="Blade"/>
      <Piece id="mace_handle_19"
	      Type="Handle"/>
      <Piece id="default_polearm_pommel"
	      Type="Pommel"/>
</Pieces>
<!-- Length: 97 Weight: 1.09 -->
</CraftedItem>

 <CraftedItem id="ete_javelin_1"
               name="{=etejav1}Fine Horseman Javelin"
               crafting_template="Javelin"
               culture="Culture.khuzait"
               modifier_group="spear_dart_throwing">
    <Pieces>
      <Piece id="spear_blade_37"
             Type="Blade"
             scale_factor="100" />
      <Piece id="default_polearm_guard"
             Type="Guard"
             scale_factor="100" />
      <Piece id="spear_handle_11"
             Type="Handle"
             scale_factor="100" />
      <Piece id="default_polearm_pommel"
             Type="Pommel"
             scale_factor="100" />
    </Pieces>
  </CraftedItem>

  <CraftedItem id="sturgia_axe_ete_1"
		 name="{=eteaxe1}lengthen Commoner Axe"
		 crafting_template="OneHandedAxe"
               culture="Culture.sturgia"
               modifier_group="axe">
<Pieces>
      <Piece id="axe_craft_21_head"
	      Type="Blade"/>
      <Piece id="axe_craft_27_handle"
	      Type="Handle"/>
      <Piece id="default_polearm_pommel"
	      Type="Pommel"/>
</Pieces>
<!-- Length: 72 Weight: 1.26 -->
</CraftedItem>

<CraftedItem id="sturgia_axe_ete_2"
		 name="{=eteaxe2}Long Round Bitted Fine Steel Hatchet"
		 crafting_template="OneHandedAxe"
               culture="Culture.sturgia"
               modifier_group="axe">
<Pieces>
<Piece id="axe_craft_9_head"
			 Type="Blade"/>
<Piece id="axe_craft_27_handle"
			 Type="Handle"/>
<Piece id="default_polearm_pommel"
			 Type="Pommel"/>
</Pieces>
<!-- Length: 73 Weight: 1.28 -->
</CraftedItem>

<CraftedItem id="sturgia_2haxe_ete_1"
							 name="{=ete2haxe3}Nordic Round Bitted Fine Steel Axe"
							 crafting_template="TwoHandedAxe"
               culture="Culture.sturgia"
               modifier_group="axe">
<Pieces>
<Piece id="axe_craft_9_head_2h"
			 Type="Blade"/>
<Piece id="axe_craft_9_handle"
			 Type="Handle"/>
<Piece id="default_polearm_pommel"
			 Type="Pommel"/>
</Pieces>
<!-- Length: 117 Weight: 1.14 -->
</CraftedItem>

<CraftedItem id="sturgia_sword_ete_1"
               name="{=etesword3}Long Thamaskene Steel Warsword"
               crafting_template="OneHandedSword"
               culture="Culture.sturgia"
               modifier_group="sword">
    <Pieces>
<Piece id="sturgian_blade_8"
			 Type="Blade"/>
<Piece id="sturgian_guard_2"
			 Type="Guard"/>
<Piece id="sturgian_noble_grip_1"
			 Type="Handle"/>
<Piece id="sturgian_pommel_1"
			 Type="Pommel"/>
</Pieces>
<!-- Length: 97 Weight: 1.49 -->
</CraftedItem>

<CraftedItem id="sturgia_sword_ete_2"
							 name="{=etesword5}Fine Steel Warsword"
							 crafting_template="OneHandedSword"
               culture="Culture.sturgia"
               modifier_group="sword">
<Pieces>
<Piece id="sturgian_blade_2"
			 Type="Blade"/>
<Piece id="sturgian_guard_6"
			 Type="Guard"/>
<Piece id="sturgian_grip_5"
			 Type="Handle"/>
<Piece id="sturgian_pommel_1"
			 Type="Pommel"/>
</Pieces>
<!-- Length: 96 Weight: 1.35 -->
</CraftedItem>

<CraftedItem id="cataphract_spear"
	      name="{=etespear1}Cataphract spear"
	      crafting_template="TwoHandedPolearm"
             culture="Culture.empire"
             modifier_group="polearm">
<Pieces>
      <Piece id="spear_blade_6"
	      Type="Blade"/>
      <Piece id="default_polearm_guard"
	      Type="Guard"/>
      <Piece id="spear_handle_25"
	      Type="Handle"/>
      <Piece id="default_polearm_pommel"
	      Type="Pommel"/>
</Pieces>
<!-- Length: 242 Weight: 2 -->
</CraftedItem>

<CraftedItem id="battania_heavy_falx"
             name="{=ete2hsword1}Heavy Falx"
	      crafting_template="TwoHandedSword"
             culture="Culture.battania"
             modifier_group="sword">
<Pieces>
      <Piece id="battania_blade_6"
			 Type="Blade"/>
      <Piece id="sturgian_guard_6"
			 Type="Guard"/>
      <Piece id="sturgian_grip_15"
			 Type="Handle"/>
      <Piece id="battania_pommel_9"
			 Type="Pommel"/>
</Pieces>
<!-- Length: 112 Weight: 1.69 -->
</CraftedItem>

<CraftedItem id="boar_spear"
	      name="{=etespear2}Boar Spear"
	       crafting_template="TwoHandedPolearm"
              modifier_group="polearm">
<Pieces>
<Piece id="spear_blade_42"
			 Type="Blade"/>
<Piece id="spear_guard_6"
			 Type="Guard"/>
<Piece id="spear_handle_22"
			 Type="Handle"/>
<Piece id="default_polearm_pommel"
			 Type="Pommel"/>
</Pieces>
<!-- Length: 191 Weight: 1.91 -->
</CraftedItem>

<CraftedItem id="boar_spear_short"
							name="{=etespear4}short Boar Spear"
	            crafting_template="TwoHandedPolearm"
              modifier_group="polearm">
<Pieces>
<Piece id="spear_blade_11"
			 Type="Blade"/>
<Piece id="spear_guard_10"
			 Type="Guard"/>
<Piece id="spear_handle_21"
			 Type="Handle"/>
<Piece id="default_polearm_pommel"
			 Type="Pommel"/>
</Pieces>
<!-- Length: 182 Weight: 1.91 -->
</CraftedItem>

<CraftedItem id="highland_boar_spear"
               name="{=etespear3}Highland Hooked Spear"
               crafting_template="TwoHandedPolearm"
               culture="Culture.battania"
               modifier_group="polearm">
    <Pieces>
     <Piece id="spear_blade_36"
			 Type="Blade"/>
     <Piece id="spear_guard_9"
			 Type="Guard"/>
     <Piece id="spear_handle_27"
			 Type="Handle"/>
     <Piece id="spear_pommel_1"
			 Type="Pommel"/>
    </Pieces>
  </CraftedItem>

  <CraftedItem id="empire_polearm_1_t4_old"
               name="{=etespear5}Long Thorn Menavlion"
               crafting_template="TwoHandedPolearm"
               culture="Culture.empire"
               modifier_group="polearm">
    <Pieces>
      <Piece id="spear_blade_7"
             Type="Blade"
             scale_factor="100" />
      <Piece id="spear_guard_14"
             Type="Guard"
             scale_factor="100" />
      <Piece id="spear_handle_15"
             Type="Handle"
             scale_factor="90" />
      <Piece id="default_polearm_pommel"
             Type="Pommel"
             scale_factor="100" />
    </Pieces>
  </CraftedItem>

  <CraftedItem id="khuzait_polearm_1_t4_red"
               name="{=etespear6}Glaive With Red Tail Frills"
               crafting_template="TwoHandedPolearm"
               culture="Culture.khuzait"
               modifier_group="polearm">
    <Pieces>
      <Piece id="spear_blade_19"
             Type="Blade"
             scale_factor="100" />
      <Piece id="spear_banner_17"
             Type="Guard"
             scale_factor="100" />
      <Piece id="spear_handle_15"
             Type="Handle"
             scale_factor="100" />
      <Piece id="default_polearm_pommel"
             Type="Pommel"
             scale_factor="100" />
    </Pieces>
  </CraftedItem>

  <CraftedItem id="khuzait_lance_2_t4_d"
               name="{=etespear7}Decorated Heavy Cavalry Lance"
               crafting_template="TwoHandedPolearm"
               culture="Culture.khuzait"
               modifier_group="polearm">
    <Pieces>
      <Piece id="spear_blade_36"
             Type="Blade"
             scale_factor="110" />
       <Piece id="spear_banner_17"
             Type="Guard"
             scale_factor="100" />       
      <Piece id="spear_handle_20"
             Type="Handle"
             scale_factor="110" />
    </Pieces>
  </CraftedItem>

  <CraftedItem id="mameluke_2h_mace"
							 name="{=ete2hmace2}Mameluke Heavy Mace"
							 crafting_template="TwoHandedMace" 
               culture="Culture.aserai"
               modifier_group="mace">
  <Pieces>
  <Piece id="mace_head_38"
			 Type="Blade"
			 scale_factor="90"/>
  <Piece id="mace_handle_18"
			 Type="Handle"
			 scale_factor="90"/>
  <Piece id="default_polearm_pommel"
			 Type="Pommel"/>
  </Pieces>
<!-- Length: 83 Weight: 1.54 -->
  </CraftedItem>

  <CraftedItem id="jawwal_lance"
							 name="{=etespear9}Jawwal Lance"
							 crafting_template="TwoHandedPolearm"
               culture="Culture.aserai"
               modifier_group="polearm">
<Pieces>
<Piece id="spear_blade_42"
			 Type="Blade"/>
<Piece id="default_polearm_guard"
			 Type="Guard"/>
<Piece id="spear_handle_24"
			 Type="Handle"/>
<Piece id="default_polearm_pommel"
			 Type="Pommel"/>
</Pieces>
<!-- Length: 195 Weight: 1.85 -->
</CraftedItem>


  <CraftedItem id="vlandia_sword_ete_1"
							 name="{=etesword4}Western Ridged Tipped Arming Sword"
							 crafting_template="OneHandedSword"  
               culture="Culture.vlandia"
               modifier_group="sword">
<Pieces>
      <Piece id="vlandian_blade_4"
			 Type="Blade"/>
      <Piece id="vlandian_guard_7"
			 Type="Guard"/>
      <Piece id="vlandian_grip_1"
			 Type="Handle"/>
      <Piece id="vlandian_pommel_4"
			 Type="Pommel"/>
</Pieces>
<!-- Length: 102 Weight: 1.41 -->
</CraftedItem>

  <CraftedItem id="western_spear_5_t4_o"
               name="{=jcOJqWGA}Fine Steel Spear"
               crafting_template="TwoHandedPolearm"
               culture="Culture.empire"
               modifier_group="polearm">
    <Pieces>
      <Piece id="spear_blade_4"
             Type="Blade"
             scale_factor="100" />
      <Piece id="spear_handle_27"
             Type="Handle"
             scale_factor="90" />
      <Piece id="spear_pommel_4"
             Type="Pommel"
             scale_factor="100" />
    </Pieces>
  </CraftedItem>

   <Item id="bolt_a_l"
        name="{=etebolt1}Stacked Light Bolts"
        body_name="bo_capsule_arrow"
        holster_body_name="bo_axe_short"
        mesh="bolt_bl_a"
        holster_mesh="bolt_bl_a_quiver"
        flying_mesh="bolt_bl_flying"
        holster_mesh_with_weapon="bolt_bl_a_quiver"
        weight="0.05"
        appearance="1"
        Type="Bolts"
        item_holsters="quiver_bolts:quiver_bolts_2:quiver_back_middle:quiver_back_top">
    <ItemComponent>
      <Weapon weapon_class="Bolt"
              stack_amount="28"
              thrust_speed="0"
              thrust_damage="2"
              thrust_damage_type="Pierce"
              speed_rating="0"
              missile_speed="10"
              weapon_length="47"
              item_usage=""
              passby_sound_code="event:/mission/combat/missile/passby"
              rotation="180, 0, 0"
              physics_material="missile"
              sticking_position="0,-0.47,0"
              sticking_rotation="90,0,0"
              center_of_mass="0,0,-0.1"
              modifier_group="bolt">
        <WeaponFlags AttachAmmoToVisual="true"
                     Consumable="true"
                     AmmoSticksWhenShot="true"
                     AmmoBreaksOnBounceBack="true" />
      </Weapon>
    </ItemComponent>
    <Flags ForceAttachOffHandPrimaryItemBone="true" />
  </Item>
  
  <Item id="bolt_b_l"
        name="{=etebolt2}Bolts"
        body_name="bo_capsule_arrow"
        holster_body_name="bo_axe_short"
        mesh="bolt_bl_b"
        holster_mesh="bolt_bl_b_quiver"
        flying_mesh="bolt_bl_flying"
        holster_mesh_with_weapon="bolt_bl_b_quiver"
        culture="Culture.vlandia"
        weight="0.08"
        appearance="1"
        Type="Bolts"
        item_holsters="quiver_bolts:quiver_bolts_2:quiver_back_middle:quiver_back_top">
    <ItemComponent>
      <Weapon weapon_class="Bolt"
              stack_amount="26"
              thrust_speed="0"
              thrust_damage="4"
              thrust_damage_type="Pierce"
              speed_rating="0"
              missile_speed="10"
              weapon_length="47"
              item_usage=""
              passby_sound_code="event:/mission/combat/missile/passby"
              rotation="180, 0, 0"
              physics_material="missile"
              sticking_position="0,-0.47,0"
              sticking_rotation="90,0,0"
              center_of_mass="0,0,-0.1"
              modifier_group="bolt">
        <WeaponFlags AttachAmmoToVisual="true"
                     Consumable="true"
                     AmmoSticksWhenShot="true"
                     AmmoBreaksOnBounceBack="true" />
      </Weapon>
    </ItemComponent>
    <Flags ForceAttachOffHandPrimaryItemBone="true" />
  </Item>

  <Item id="bolt_b_p"
        name="{=etebolt7}Penetration Bolts"
        body_name="bo_capsule_arrow"
        holster_body_name="bo_axe_short"
        mesh="bolt_bl_b"
        holster_mesh="bolt_bl_b_quiver"
        flying_mesh="bolt_bl_flying"
        holster_mesh_with_weapon="bolt_bl_b_quiver"
        culture="Culture.vlandia"
        weight="0.08"
        appearance="1"
        Type="Bolts"
        item_holsters="quiver_bolts:quiver_bolts_2:quiver_back_middle:quiver_back_top">
    <ItemComponent>
      <Weapon weapon_class="Bolt"
              stack_amount="18"
              thrust_speed="0"
              thrust_damage="4"
              thrust_damage_type="Pierce"
              speed_rating="0"
              missile_speed="10"
              weapon_length="47"
              item_usage=""
              passby_sound_code="event:/mission/combat/missile/passby"
              rotation="180, 0, 0"
              physics_material="missile"
              sticking_position="0,-0.47,0"
              sticking_rotation="90,0,0"
              center_of_mass="0,0,-0.1"
              modifier_group="bolt">
        <WeaponFlags AttachAmmoToVisual="true"
                     Consumable="true"
                     CanPenetrateShield="true"
                     AmmoSticksWhenShot="true"
                     AmmoBreaksOnBounceBack="true" />
      </Weapon>
    </ItemComponent>
    <Flags ForceAttachOffHandPrimaryItemBone="true" />
  </Item>
  
  <Item id="bolt_c_l"
        name="{=etebolt3}Heavy Bolts"
        body_name="bo_capsule_arrow"
        holster_body_name="bo_axe_short"
        mesh="bolt_bl_c"
        holster_mesh="bolt_bl_c_quiver"
        holster_mesh_with_weapon="bolt_bl_c_quiver"
        flying_mesh="bolt_bl_flying"
        culture="Culture.vlandia"
        weight="0.04"
        appearance="1"
        Type="Bolts"
        item_holsters="quiver_bolts:quiver_bolts_2:quiver_back_middle:quiver_back_top">
    <ItemComponent>
      <Weapon weapon_class="Bolt"
              stack_amount="24"
              thrust_speed="0"
              thrust_damage="5"
              thrust_damage_type="Pierce"
              speed_rating="0"
              missile_speed="10"
              weapon_length="37"
              item_usage=""
              passby_sound_code="event:/mission/combat/missile/passby"
              rotation="180, 0, 0"
              physics_material="missile"
              sticking_position="0,-0.37,0"
              sticking_rotation="90,0,0"
              center_of_mass="0,0,-0.1"
              modifier_group="bolt">
        <WeaponFlags AttachAmmoToVisual="true"
                     Consumable="true"
                     AmmoSticksWhenShot="true"
                     AmmoBreaksOnBounceBack="true" />
      </Weapon>
    </ItemComponent>
    <Flags ForceAttachOffHandPrimaryItemBone="true" />
  </Item>

    <Item id="bolt_c_p"
        name="{=etebolt6}Heavy Penetration Bolts"
        body_name="bo_capsule_arrow"
        holster_body_name="bo_axe_short"
        mesh="bolt_bl_c"
        holster_mesh="bolt_bl_c_quiver"
        holster_mesh_with_weapon="bolt_bl_c_quiver"
        flying_mesh="bolt_bl_flying"
        culture="Culture.vlandia"
        weight="0.04"
        appearance="1"
        Type="Bolts"
        item_holsters="quiver_bolts:quiver_bolts_2:quiver_back_middle:quiver_back_top">
    <ItemComponent>
      <Weapon weapon_class="Bolt"
              stack_amount="18"
              thrust_speed="0"
              thrust_damage="5"
              thrust_damage_type="Pierce"
              speed_rating="0"
              missile_speed="10"
              weapon_length="37"
              item_usage=""
              passby_sound_code="event:/mission/combat/missile/passby"
              rotation="180, 0, 0"
              physics_material="missile"
              sticking_position="0,-0.37,0"
              sticking_rotation="90,0,0"
              center_of_mass="0,0,-0.1"
              modifier_group="bolt">
        <WeaponFlags AttachAmmoToVisual="true"
                     Consumable="true"
                     CanPenetrateShield="true"
                     AmmoSticksWhenShot="true"
                     AmmoBreaksOnBounceBack="true" />
      </Weapon>
    </ItemComponent>
    <Flags ForceAttachOffHandPrimaryItemBone="true" />
  </Item>
  
  <Item id="bolt_d_l"
        name="{=etebolt4}Heavy Quarrels"
        body_name="bo_capsule_arrow"
        holster_body_name="bo_axe_short"
        mesh="bolt_bl_d"
        holster_mesh="bolt_bl_d_quiver"
        holster_mesh_with_weapon="bolt_bl_d_quiver"
        flying_mesh="bolt_bl_flying"
        culture="Culture.empire"
        weight="0.06"
        appearance="1"
        Type="Bolts"
        item_holsters="quiver_bolts:quiver_bolts_2:quiver_back_middle:quiver_back_top">
    <ItemComponent>
      <Weapon weapon_class="Bolt"
              stack_amount="27"
              thrust_speed="0"
              thrust_damage="3"
              thrust_damage_type="Pierce"
              speed_rating="0"
              missile_speed="10"
              weapon_length="37"
              item_usage=""
              passby_sound_code="event:/mission/combat/missile/passby"
              rotation="180, 0, 0"
              physics_material="missile"
              sticking_position="0,-0.37,0"
              sticking_rotation="90,0,0"
              center_of_mass="0,0,-0.1"
              modifier_group="bolt">
        <WeaponFlags AttachAmmoToVisual="true"
                     Consumable="true"
                     AmmoSticksWhenShot="true"
                     AmmoBreaksOnBounceBack="true" />
      </Weapon>
    </ItemComponent>
    <Flags ForceAttachOffHandPrimaryItemBone="true" />
  </Item>
  
  <Item id="bolt_e_l"
        name="{=etebolt5}Light Quarrels"
        body_name="bo_capsule_arrow"
        holster_body_name="bo_axe_short"
        mesh="bolt_bl_e"
        holster_mesh="bolt_bl_e_quiver"
        holster_mesh_with_weapon="bolt_bl_e_quiver"
        flying_mesh="bolt_bl_flying"
        culture="Culture.empire"
        weight="0.04"
        appearance="1"
        Type="Bolts"
        item_holsters="quiver_bolts:quiver_bolts_2:quiver_back_middle:quiver_back_top">
    <ItemComponent>
      <Weapon weapon_class="Bolt"
              stack_amount="30"
              thrust_speed="0"
              thrust_damage="1"
              thrust_damage_type="Pierce"
              speed_rating="0"
              missile_speed="10"
              weapon_length="37"
              item_usage=""
              passby_sound_code="event:/mission/combat/missile/passby"
              rotation="180, 0, 0"
              physics_material="missile"
              sticking_position="0,-0.37,0"
              sticking_rotation="90,0,0"
              center_of_mass="0,0,-0.1"
              modifier_group="bolt">
        <WeaponFlags AttachAmmoToVisual="true"
                     Consumable="true"
                     AmmoSticksWhenShot="true"
                     AmmoBreaksOnBounceBack="true" />
      </Weapon>
    </ItemComponent>
    <Flags ForceAttachOffHandPrimaryItemBone="true" />
  </Item>

  <Item id="steppe_arrows"
        name="{=XbwDj80t}Steppe Arrows"
        body_name="bo_capsule_arrow"
        holster_body_name="bo_axe_short"
        mesh="arrow_bl_g"
        culture="Culture.khuzait"
        weight="0.036"
        appearance="1"
        flying_mesh="arrow_bl_flying"
        holster_mesh="arrow_bl_e_quiver"
        holster_mesh_with_weapon="arrow_bl_e_quiver"
        Type="Arrows"
        item_holsters="steppe_arrows_0"
        holster_position_shift="0.0,0.0,-0.0">
    <ItemComponent>
      <Weapon weapon_class="Arrow"
              stack_amount="24"
              thrust_speed="0"
              speed_rating="0"
              physics_material="missile"
              missile_speed="10"
              weapon_length="97"
              thrust_damage="2"
              thrust_damage_type="Pierce"
              item_usage="arrow_right"
              passby_sound_code="event:/mission/combat/missile/passby"
              rotation="0, -80, 25"
              sticking_position="0,-0.97,0"
              sticking_rotation="90,0,0"
              center_of_mass="-0.00,0.05,-0.00"
              modifier_group="arrow">
        <WeaponFlags Consumable="true"
                     AmmoSticksWhenShot="true"
                     AmmoBreaksOnBounceBack="true" />
      </Weapon>
    </ItemComponent>
    <Flags />
  </Item>

<Item
		id="vlandic_arrows"
		name="{=3daDQxwM}Lowland Arrows"
		body_name="bo_capsule_arrow"
		holster_body_name="bo_axe_short"
		mesh="arrow_bl_g"
		holster_mesh="arrow_bl_g_quiver"
		holster_mesh_with_weapon="arrow_bl_g_quiver"
		subtype="arrows"
		flying_mesh="arrow_bl_flying"
		weight="0.06"
		difficulty="0"
		appearance="1"
		Type="Arrows"
		item_holsters="quiver_bolts:quiver_bolts_2"
		holster_position_shift="0,0,0.15">
		<ItemComponent>
			<Weapon
				weapon_class="Arrow"
				stack_amount="25"
				thrust_speed="0"
				speed_rating="0"
				physics_material="missile"
				missile_speed="10"
				weapon_length="97"
				thrust_damage="2"
				thrust_damage_type="Pierce"
				item_usage="arrow_top"
				passby_sound_code="event:/mission/combat/missile/passby"
				rotation="0, -80, 25"
				sticking_position="0,-0.97,0"
				sticking_rotation="90,0,0"
				center_of_mass="0,0.0,-0.13"
				modifier_group="arrow">
				<WeaponFlags
					Consumable="true"
					AmmoSticksWhenShot="true"
					AmmoBreaksOnBounceBack="true" />
			</Weapon>
		</ItemComponent>
		<Flags />
	</Item>

  	<Item
		id="piercing_arrows"
		name="{=rdKSIamN}Piercing Arrows"
		body_name="bo_capsule_arrow"
		holster_body_name="bo_axe_short"
		mesh="arrow_bl_a"
		holster_mesh="arrow_bl_a_quiver"
		holster_mesh_with_weapon="arrow_bl_a_quiver"
		weight="0.041"
		flying_mesh="arrow_bl_flying"
		appearance="1"
		Type="Arrows"
		item_holsters="quiver_bolts:quiver_bolts_2"
		holster_position_shift="0.0,0.0,0.15">
		<ItemComponent>
			<Weapon
				weapon_class="Arrow"
				stack_amount="23"
				physics_material="missile"
				thrust_speed="0"
				speed_rating="0"
				missile_speed="10"
				weapon_length="97"
				thrust_damage="4"
				thrust_damage_type="Pierce"
				item_usage="arrow_right"
				passby_sound_code="event:/mission/combat/missile/passby"
				rotation="0, -80, 25"
				sticking_position="0,-0.97,0"
				sticking_rotation="90,0,0"
				center_of_mass="0,0,-0.13"
				modifier_group="arrow">
				<WeaponFlags
					Consumable="true"
					AmmoSticksWhenShot="true"
					AmmoBreaksOnBounceBack="true" />
			</Weapon>
		</ItemComponent>
		<Flags />
	</Item>
	<Item
		id="bodkin_arrows_a"
		name="{=DI9P2HDG}Stacked Bodkin Arrows"
		body_name="bo_capsule_arrow"
		holster_body_name="bo_axe_short"
		mesh="arrow_bl_b"
		holster_mesh="arrow_bl_b_quiver"
		holster_mesh_with_weapon="arrow_bl_b_quiver"
		weight="0.048"
		flying_mesh="arrow_bl_flying"
		appearance="1"
		Type="Arrows"
		item_holsters="quiver_bolts:quiver_bolts_2"
		holster_position_shift="0.0,0.0,0.15">
		<ItemComponent>
			<Weapon
				weapon_class="Arrow"
				stack_amount="32"
				thrust_speed="0"
				speed_rating="0"
				physics_material="missile"
				missile_speed="10"
				weapon_length="97"
				thrust_damage="3"
				thrust_damage_type="Pierce"
				item_usage="arrow_right"
				passby_sound_code="event:/mission/combat/missile/passby"
				rotation="0, -80, 25"
				sticking_position="0,-0.97,0"
				sticking_rotation="90,0,0"
				center_of_mass="0,0,-0.13"
				modifier_group="arrow">
				<WeaponFlags
					Consumable="true"
					AmmoSticksWhenShot="true"
					AmmoBreaksOnBounceBack="true" />
			</Weapon>
		</ItemComponent>
		<Flags />
	</Item>
	<Item
		id="bodkin_arrows_b"
		name="{=SbARa2gU}Bodkin Arrows"
		body_name="bo_capsule_arrow"
		holster_body_name="bo_axe_short"
		mesh="arrow_bl_c"
		holster_mesh="arrow_bl_c_quiver"
		holster_mesh_with_weapon="arrow_bl_c_quiver"
		weight="0.048"
		flying_mesh="arrow_bl_flying"
		appearance="1"
		Type="Arrows"
		item_holsters="quiver_bolts:quiver_bolts_2"
		holster_position_shift="0.0,0.0,0.15">
		<ItemComponent>
			<Weapon
				weapon_class="Arrow"
				stack_amount="24"
				thrust_speed="0"
				speed_rating="0"
				physics_material="missile"
				missile_speed="10"
				weapon_length="97"
				thrust_damage="3"
				thrust_damage_type="Pierce"
				item_usage="arrow_right"
				passby_sound_code="event:/mission/combat/missile/passby"
				rotation="0, -80, 25"
				sticking_position="0,-0.97,0"
				sticking_rotation="90,0,0"
				center_of_mass="0,0,-0.13"
				modifier_group="arrow">
				<WeaponFlags
					Consumable="true"
					AmmoSticksWhenShot="true"
					AmmoBreaksOnBounceBack="true" />
			</Weapon>
		</ItemComponent>
		<Flags />
	</Item>
	<Item
		id="bodkin_arrows_c"
		name="{=BqAUrOpn}Light Bodkin Arrows"
		body_name="bo_capsule_arrow"
		holster_body_name="bo_axe_short"
		mesh="arrow_bl_d"
		weight="0.048"
		appearance="1"
		flying_mesh="arrow_bl_flying"
		holster_mesh="arrow_bl_d_quiver"
		holster_mesh_with_weapon="arrow_bl_d_quiver"
		Type="Arrows"
		item_holsters="quiver_bolts:quiver_bolts_2"
		holster_position_shift="0.0,0.0,0.15">
		<ItemComponent>
			<Weapon
				weapon_class="Arrow"
				stack_amount="21"
				thrust_speed="0"
				speed_rating="0"
				physics_material="missile"
				missile_speed="10"
				weapon_length="97"
				thrust_damage="3"
				thrust_damage_type="Pierce"
				item_usage="arrow_right"
				passby_sound_code="event:/mission/combat/missile/passby"
				rotation="0, -80, 25"
				sticking_position="0,-0.97,0"
				sticking_rotation="90,0,0"
				center_of_mass="0,0,-0.13"
				modifier_group="arrow">
				<WeaponFlags
					Consumable="true"
					AmmoSticksWhenShot="true"
					AmmoBreaksOnBounceBack="true" />
			</Weapon>
		</ItemComponent>
		<Flags />
	</Item>

  <Item
		id="barbed_arrows"
		name="{=s7jkSgba}Barbed Arrows"
		body_name="bo_capsule_arrow"
		holster_body_name="bo_axe_short"
		mesh="arrow_bl_g"
		weight="0.05"
		appearance="1"
		flying_mesh="arrow_bl_flying"
		holster_mesh="arrow_bl_h_quiver"
		holster_mesh_with_weapon="arrow_bl_h_quiver"
		Type="Arrows"
		item_holsters="quiver_bolts:quiver_bolts_2"
		holster_position_shift="0.0,0.0,0.15">
		<ItemComponent>
			<Weapon
				weapon_class="Arrow"
				stack_amount="20"
				thrust_speed="0"
				speed_rating="0"
				physics_material="missile"
				missile_speed="10"
				weapon_length="97"
				thrust_damage="1"
				thrust_damage_type="Pierce"
				item_usage="arrow_right"
				passby_sound_code="event:/mission/combat/missile/passby"
				rotation="0, -80, 25"
				sticking_position="0,-0.97,0"
				sticking_rotation="90,0,0"
				center_of_mass="0,0,-0.13"
				modifier_group="arrow">
				<WeaponFlags
					Consumable="true"
					AmmoSticksWhenShot="true"
					AmmoBreaksOnBounceBack="true" />
			</Weapon>
		</ItemComponent>
		<Flags />
	</Item>
	<Item
		id="range_arrows"
		name="{=Biq7t1xv}Range Arrows"
		body_name="bo_capsule_arrow"
		holster_body_name="bo_axe_short"
		mesh="arrow_bl_i"
		weight="0.043"
		appearance="1"
		flying_mesh="arrow_bl_flying"
		holster_mesh="arrow_bl_i_quiver"
		holster_mesh_with_weapon="arrow_bl_i_quiver"
		Type="Arrows"
		item_holsters="quiver_bolts:quiver_bolts_2"
		holster_position_shift="0.0,0.0,0.15">
		<ItemComponent>
			<Weapon
				weapon_class="Arrow"
				stack_amount="27"
				thrust_speed="0"
				speed_rating="0"
				physics_material="missile"
				missile_speed="10"
				weapon_length="97"
				thrust_damage="1"
				thrust_damage_type="Pierce"
				item_usage="arrow_right"
				passby_sound_code="event:/mission/combat/missile/passby"
				rotation="0, -80, 25"
				sticking_position="0,-0.97,0"
				sticking_rotation="90,0,0"
				center_of_mass="0,0,-0.13"
				modifier_group="arrow">
				<WeaponFlags
					Consumable="true"
					AmmoSticksWhenShot="true"
					AmmoBreaksOnBounceBack="true" />
			</Weapon>
		</ItemComponent>
		<Flags />
	</Item>
	<Item
		id="tournament_arrows"
		name="{=bK03bqdA}Tournament Arrows"
		is_merchandise="false"
		body_name="bo_capsule_arrow"
		holster_body_name="bo_axe_short"
		mesh="arrow_bl_i"
		weight="0.043"
		appearance="1"
		flying_mesh="arrow_bl_flying"
		holster_mesh="arrow_bl_i_quiver"
		holster_mesh_with_weapon="arrow_bl_i_quiver"
		Type="Arrows"
		item_holsters="quiver_bolts:quiver_bolts_2"
		holster_position_shift="0.0,0.0,0.15">
		<ItemComponent>
			<Weapon
				weapon_class="Arrow"
				stack_amount="30"
				thrust_speed="0"
				speed_rating="0"
				physics_material="missile"
				missile_speed="10"
				weapon_length="97"
				thrust_damage="0"
				thrust_damage_type="Blunt"
				item_usage="arrow_right"
				passby_sound_code="event:/mission/combat/missile/passby"
				rotation="0, -80, 25"
				sticking_position="0,-0.97,0"
				sticking_rotation="90,0,0"
				center_of_mass="0,0,-0.13">
				<WeaponFlags
					Consumable="true"
					AmmoSticksWhenShot="true"
					AmmoBreaksOnBounceBack="true" />
			</Weapon>
		</ItemComponent>
		<Flags />
	</Item>
	<Item
		id="default_arrows"
		name="{=gFtu0j4T}Arrows"
		body_name="bo_capsule_arrow"
		holster_body_name="bo_axe_short"
		mesh="arrow_bl_i"
		weight="0.043"
		appearance="1"
		flying_mesh="arrow_bl_flying"
		holster_mesh="arrow_bl_i_quiver"
		holster_mesh_with_weapon="arrow_bl_i_quiver"
		Type="Arrows"
		item_holsters="quiver_bolts:quiver_bolts_2"
		holster_position_shift="0.0,0.0,0.15">
		<ItemComponent>
			<Weapon
				weapon_class="Arrow"
				stack_amount="27"
				thrust_speed="0"
				speed_rating="0"
				physics_material="missile"
				missile_speed="10"
				weapon_length="97"
				thrust_damage="0"
				thrust_damage_type="Pierce"
				item_usage="arrow_right"
				passby_sound_code="event:/mission/combat/missile/passby"
				rotation="0, -80, 25"
				sticking_position="0,-0.97,0"
				sticking_rotation="90,0,0"
				center_of_mass="0,0,-0.13"
				modifier_group="arrow">
				<WeaponFlags
					Consumable="true"
					AmmoSticksWhenShot="true"
					AmmoBreaksOnBounceBack="true" />
			</Weapon>
		</ItemComponent>
		<Flags />
	</Item>

  <Item id="heavy_steppe_arrows"
        name="{=NkV2c6YX}Stacked Steppe Arrows"
        body_name="bo_capsule_arrow"
        holster_body_name="bo_axe_short"
        mesh="arrow_bl_g"
        culture="Culture.khuzait"
        weight="0.036"
        appearance="1"
        flying_mesh="arrow_bl_flying"
        holster_mesh="arrow_bl_f_quiver"
        holster_mesh_with_weapon="arrow_bl_f_quiver"
        Type="Arrows"
        item_holsters="steppe_arrows_0"
        holster_position_shift="0.0,0.0,-0.0">
    <ItemComponent>
      <Weapon weapon_class="Arrow"
              stack_amount="36"
              thrust_speed="0"
              speed_rating="0"
              physics_material="missile"
              missile_speed="10"
              weapon_length="97"
              thrust_damage="2"
              thrust_damage_type="Pierce"
              item_usage="arrow_right"
              passby_sound_code="event:/mission/combat/missile/passby"
              rotation="0, -80, 25"
              sticking_position="0,-0.97,0"
              sticking_rotation="90,0,0"
              center_of_mass="-0,00.05,-0.0"
              modifier_group="arrow">
        <WeaponFlags Consumable="true"
                     AmmoSticksWhenShot="true"
                     AmmoBreaksOnBounceBack="true" />
      </Weapon>
    </ItemComponent>
    <Flags />
  </Item>

 <!-- #region replaced ranged weapons -->
   <Item id="hunting_bow"
        name="{=wltdyF2j}Hunting Bow"
        body_name="bo_composite_shotbow_h"
        mesh="shortbow_h"
        culture="Culture.battania"
        weight="0.3"
        difficulty="0"
        appearance="1"
        Type="Bow"
        item_holsters="bow_hip:bow_hip_2:bow_back:bow_back_2">
    <ItemComponent>
      <Weapon weapon_class="Bow"
              ammo_class="Arrow"
              ammo_limit="1"
              thrust_speed="75"
              speed_rating="87"
              missile_speed="66"
              weapon_length="110"
              accuracy="85"
              thrust_damage="41"
              thrust_damage_type="Pierce"
              item_usage="bow"
              physics_material="wood_weapon"
              center_of_mass="0.1,0,-0.15"
              modifier_group="bow">
        <WeaponFlags RangedWeapon="true"
                     HasString="true"
                     StringHeldByHand="true"
                     NotUsableWithOneHand="true"
                     TwoHandIdleOnMount="true"
                     AutoReload="true"
                     UnloadWhenSheathed="true" />
      </Weapon>
    </ItemComponent>
    <Flags ForceAttachOffHandPrimaryItemBone="true" />
  </Item>

  <Item id="mountain_hunting_bow"
        name="{=YGQ6UXCo}Mountain Hunting Bow"
        body_name="bo_composite_shotbow_h"
        mesh="shortbow_i"
        culture="Culture.battania"
        weight="0.3"
        difficulty="0"
        appearance="1"
        Type="Bow"
        item_holsters="bow_back_2:bow_hip:bow_hip_2:bow_back">
    <ItemComponent>
      <Weapon weapon_class="Bow"
              ammo_class="Arrow"
              ammo_limit="1"
              thrust_speed="70"
              speed_rating="86"
              missile_speed="67"
              weapon_length="108"
              accuracy="82"
              thrust_damage="42"
              thrust_damage_type="Pierce"
              item_usage="bow"
              physics_material="wood_weapon"
              center_of_mass="0.1,0,-0.15"
              modifier_group="bow">
        <WeaponFlags RangedWeapon="true"
                     HasString="true"
                     StringHeldByHand="true"
                     NotUsableWithOneHand="true"
                     TwoHandIdleOnMount="true"
                     AutoReload="true"
                     UnloadWhenSheathed="true" />
      </Weapon>
    </ItemComponent>
    <Flags ForceAttachOffHandPrimaryItemBone="true" />
  </Item>
  <Item id="steppe_bow"
        name="{=steppebowitem}Steppe Bow"
        body_name="bo_composite_shotbow_g"
        mesh="shortbow_g"
        culture="Culture.khuzait"
        weight="0.3"
        difficulty="0"
        appearance="1"
        Type="Bow"
        item_holsters="bow_hip:bow_hip_2:bow_back:bow_back_2">
    <ItemComponent>
      <Weapon weapon_class="Bow"
              ammo_class="Arrow"
              ammo_limit="1"
              thrust_speed="65"
              speed_rating="86"
              missile_speed="68"
              weapon_length="110"
              accuracy="85"
              thrust_damage="44"
              thrust_damage_type="Pierce"
              item_usage="bow"
              physics_material="wood_weapon"
              center_of_mass="0.1,0,-0.15"
              modifier_group="bow">
        <WeaponFlags RangedWeapon="true"
                     HasString="true"
                     StringHeldByHand="true"
                     NotUsableWithOneHand="true"
                     TwoHandIdleOnMount="true"
                     AutoReload="true"
                     UnloadWhenSheathed="true" />
      </Weapon>
    </ItemComponent>
    <Flags ForceAttachOffHandPrimaryItemBone="true" />
  </Item>
  <Item id="glen_ranger_bow"
        name="{=KTegaNPW}Longbow"
        body_name="bo_composite_longbow_e"
        mesh="longbow_f"
        culture="Culture.battania"
        weight="0.4"
        difficulty="15"
        appearance="1"
        Type="Bow"
        item_holsters="bow_back:bow_back_2:bow_hip:bow_hip_2">
    <ItemComponent>
      <Weapon weapon_class="Bow"
              ammo_class="Arrow"
              ammo_limit="1"
              thrust_speed="45"
              speed_rating="85"
              missile_speed="70"
              weapon_length="111"
              accuracy="90"
              thrust_damage="57"
              thrust_damage_type="Pierce"
              item_usage="long_bow"
              physics_material="wood_weapon"
              center_of_mass="0.15,0,0"
              modifier_group="bow">
        <WeaponFlags RangedWeapon="true"
                     HasString="true"
                     StringHeldByHand="true"
                     NotUsableWithOneHand="true"
                     TwoHandIdleOnMount="true"
                     AutoReload="true"
                     UnloadWhenSheathed="true" />
      </Weapon>
    </ItemComponent>
    <Flags ForceAttachOffHandPrimaryItemBone="true" />
  </Item>
  <Item id="highland_ranger_bow"
        name="{=mTWvG1xz}Ranger Bow"
        body_name="bo_composite_longbow_e"
        mesh="longbow_e"
        culture="Culture.battania"
        weight="0.4"
        difficulty="15"
        appearance="1"
        Type="Bow"
        item_holsters="bow_back:bow_back_2:bow_hip:bow_hip_2">
    <ItemComponent>
      <Weapon weapon_class="Bow"
              ammo_class="Arrow"
              ammo_limit="1"
              thrust_speed="55"
              speed_rating="86"
              missile_speed="65"
              weapon_length="113"
              accuracy="86"
              thrust_damage="52"
              thrust_damage_type="Pierce"
              item_usage="long_bow"
              physics_material="wood_weapon"
              center_of_mass="0.15,0,0"
              modifier_group="bow">
        <WeaponFlags RangedWeapon="true"
                     HasString="true"
                     StringHeldByHand="true"
                     NotUsableWithOneHand="true"
                     TwoHandIdleOnMount="true"
                     AutoReload="true"
                     UnloadWhenSheathed="true" />
      </Weapon>
    </ItemComponent>
    <Flags ForceAttachOffHandPrimaryItemBone="true" />
  </Item>
  <!-- #endregion -->
  <!-- #region Tier 3 -->
  <Item id="composite_bow"
        name="{=h1jKICdp}Simple Short Bow"
        body_name="bo_composite_shotbow_c"
        mesh="shortbow_c"
        weight="0.3"
        difficulty="30"
        appearance="0.5"
        Type="Bow"
        item_holsters="bow_hip:bow_hip_2:bow_back:bow_back_2">
    <ItemComponent>
      <Weapon weapon_class="Bow"
              ammo_class="Arrow"
              ammo_limit="1"
              thrust_speed="86"
              speed_rating="88"
              missile_speed="75"
              weapon_length="110"
              accuracy="93"
              thrust_damage="53"
              thrust_damage_type="Pierce"
              item_usage="bow"
              physics_material="wood_weapon"
              center_of_mass="0.1,0,-0.15"
              modifier_group="bow">
        <WeaponFlags RangedWeapon="true"
                     HasString="true"
                     StringHeldByHand="true"
                     NotUsableWithOneHand="true"
                     TwoHandIdleOnMount="true"
                     AutoReload="true"
                     UnloadWhenSheathed="true" />
      </Weapon>
    </ItemComponent>
    <Flags ForceAttachOffHandPrimaryItemBone="true" />
  </Item>
  <Item id="composite_steppe_bow"
        name="{=w6EU77OH}Steppe Recurve Bow"
        body_name="bo_composite_shotbow_c"
        mesh="shortbow_d"
        culture="Culture.khuzait"
        weight="0.3"
        difficulty="30"
        appearance="0.4"
        Type="Bow"
        item_holsters="bow_hip:bow_hip_2:bow_back:bow_back_2">
    <ItemComponent>
      <Weapon weapon_class="Bow"
              ammo_class="Arrow"
              ammo_limit="1"
              thrust_speed="87"
              speed_rating="89"
              missile_speed="80"
              weapon_length="108"
              accuracy="95"
              thrust_damage="58"
              thrust_damage_type="Pierce"
              item_usage="bow"
              physics_material="wood_weapon"
              center_of_mass="0.1,0,-0.15"
              modifier_group="bow">
        <WeaponFlags RangedWeapon="true"
                     HasString="true"
                     StringHeldByHand="true"
                     NotUsableWithOneHand="true"
                     TwoHandIdleOnMount="true"
                     AutoReload="true"
                     UnloadWhenSheathed="true" />
      </Weapon>
    </ItemComponent>
    <Flags ForceAttachOffHandPrimaryItemBone="true" />
  </Item>
  <Item id="steppe_heavy_bow"
        name="{=E7miRMw1}Heavy Recurve Bow"
        body_name="bo_composite_shotbow_b"
        mesh="shortbow_b"
        culture="Culture.khuzait"
        weight="0.3"
        difficulty="30"
        appearance="0.4"
        Type="Bow"
        item_holsters="bow_back_2:bow_hip:bow_hip_2:bow_back">
    <ItemComponent>
      <Weapon weapon_class="Bow"
              ammo_class="Arrow"
              ammo_limit="1"
              thrust_speed="80"
              speed_rating="87"
              missile_speed="78"
              weapon_length="106"
              accuracy="93"
              thrust_damage="58"
              thrust_damage_type="Pierce"
              item_usage="bow"
              physics_material="wood_weapon"
              center_of_mass="0.0,0,-0.1"
              modifier_group="bow">
        <WeaponFlags RangedWeapon="true"
                     HasString="true"
                     StringHeldByHand="true"
                     NotUsableWithOneHand="true"
                     TwoHandIdleOnMount="true"
                     AutoReload="true"
                     UnloadWhenSheathed="true" />
      </Weapon>
    </ItemComponent>
    <Flags ForceAttachOffHandPrimaryItemBone="true" />
  </Item>
  <Item id="nordic_shortbow"
        name="{=tEimkEsU}Nordic Shortbow"
        body_name="bo_composite_shotbow_c"
        mesh="shortbow_e"
        culture="Culture.sturgia"
        weight="0.3"
        difficulty="30"
        appearance="0.6"
        Type="Bow"
        item_holsters="bow_hip:bow_hip_2:bow_back:bow_back_2">
    <ItemComponent>
      <Weapon weapon_class="Bow"
              ammo_class="Arrow"
              ammo_limit="1"
              thrust_speed="82"
              speed_rating="89"
              missile_speed="71"
              weapon_length="108"
              accuracy="95"
              thrust_damage="52"
              thrust_damage_type="Pierce"
              item_usage="bow"
              physics_material="wood_weapon"
              center_of_mass="0.1,0,-0.15"
              modifier_group="bow">
        <WeaponFlags RangedWeapon="true"
                     HasString="true"
                     StringHeldByHand="true"
                     NotUsableWithOneHand="true"
                     TwoHandIdleOnMount="true"
                     AutoReload="true"
                     UnloadWhenSheathed="true" />
      </Weapon>
    </ItemComponent>
    <Flags ForceAttachOffHandPrimaryItemBone="true" />
  </Item>
  <Item id="lowland_longbow"
        name="{=A6llHL9s}Lowland Longbow"
        body_name="bo_composite_longbow_a"
        mesh="longbow_a"
        culture="Culture.vlandia"
        subtype="bow"
        weight="0.5"
        difficulty="30"
        appearance="0.4"
        Type="Bow"
        item_holsters="bow_back:bow_back_2:bow_hip:bow_hip_2">
    <ItemComponent>
      <Weapon weapon_class="Bow"
              ammo_class="Arrow"
              ammo_limit="1"
              thrust_speed="58"
              speed_rating="80"
              missile_speed="76"
              weapon_length="120"
              accuracy="94"
              thrust_damage="60"
              thrust_damage_type="Pierce"
              item_usage="long_bow"
              physics_material="wood_weapon"
              center_of_mass="0.15,0,0"
              modifier_group="bow">
        <WeaponFlags RangedWeapon="true"
                     HasString="true"
                     StringHeldByHand="true"
                     NotUsableWithOneHand="true"
                     TwoHandIdleOnMount="true"
                     AutoReload="true"
                     UnloadWhenSheathed="true" />
      </Weapon>
    </ItemComponent>
    <Flags ForceAttachOffHandPrimaryItemBone="true" />
  </Item>
  <Item id="tribal_bow"
        name="{=ZQv5Bcl2}Tribesman Bow"
        body_name="bo_composite_longbow_g"
        mesh="longbow_h"
        culture="Culture.aserai"
        weight="0.5"
        difficulty="30"
        appearance="0.6"
        Type="Bow"
        item_holsters="bow_back:bow_back_2:bow_hip:bow_hip_2">
    <ItemComponent>
      <Weapon weapon_class="Bow"
              ammo_class="Arrow"
              ammo_limit="1"
              thrust_speed="65"
              speed_rating="89"
              missile_speed="75"
              weapon_length="115"
              accuracy="94"
              thrust_damage="65"
              thrust_damage_type="Pierce"
              item_usage="long_bow"
              physics_material="wood_weapon"
              center_of_mass="0.15,0,0"
              modifier_group="bow">
        <WeaponFlags RangedWeapon="true"
                     HasString="true"
                     StringHeldByHand="true"
                     NotUsableWithOneHand="true"
                     TwoHandIdleOnMount="true"
                     AutoReload="true"
                     UnloadWhenSheathed="true" />
      </Weapon>
    </ItemComponent>
    <Flags ForceAttachOffHandPrimaryItemBone="true" />
  </Item>
  <!-- #endregion -->
  <!-- #region Tier 4 -->
  <Item id="steppe_war_bow"
        name="{=wfhHGTbl}Steppe War Bow"
        body_name="bo_composite_shotbow_a"
        mesh="shortbow_a"
        culture="Culture.khuzait"
        weight="0.3"
        difficulty="50"
        appearance="0.25"
        Type="Bow"
        item_holsters="bow_hip:bow_hip_2:bow_back:bow_back_2">
    <ItemComponent>
      <Weapon weapon_class="Bow"
              ammo_class="Arrow"
              ammo_limit="1"
              thrust_speed="80"
              speed_rating="89"
              missile_speed="82"
              weapon_length="107"
              accuracy="96"
              thrust_damage="62"
              thrust_damage_type="Pierce"
              item_usage="bow"
              physics_material="wood_weapon"
              center_of_mass="0.0,0,-0.15"
              modifier_group="bow">
        <WeaponFlags RangedWeapon="true"
                     HasString="true"
                     StringHeldByHand="true"
                     NotUsableWithOneHand="true"
                     TwoHandIdleOnMount="true"
                     AutoReload="true"
                     UnloadWhenSheathed="true" />
      </Weapon>
    </ItemComponent>
    <Flags ForceAttachOffHandPrimaryItemBone="true" />
  </Item>

  <Item id="woodland_yew_bow"
        name="{=RcCtV0aS}Woodland Yew Bow"
        body_name="bo_composite_longbow_a"
        mesh="longbow_d"
        culture="Culture.battania"
        weight="0.5"
        difficulty="50"
        appearance="0.3"
        Type="Bow"
        item_holsters="bow_back:bow_back_2:bow_hip:bow_hip_2">
    <ItemComponent>
      <Weapon weapon_class="Bow"
              ammo_class="Arrow"
              ammo_limit="1"
              thrust_speed="78"
              speed_rating="91"
              missile_speed="77"
              weapon_length="115"
              accuracy="94"
              thrust_damage="67"
              thrust_damage_type="Pierce"
              item_usage="long_bow"
              physics_material="wood_weapon"
              center_of_mass="0.15,0,0"
              modifier_group="bow">
        <WeaponFlags RangedWeapon="true"
                     HasString="true"
                     StringHeldByHand="true"
                     NotUsableWithOneHand="true"
                     TwoHandIdleOnMount="true"
                     AutoReload="true"
                     UnloadWhenSheathed="true" />
      </Weapon>
    </ItemComponent>
    <Flags ForceAttachOffHandPrimaryItemBone="true" />
  </Item>
  <Item id="woodland_longbow"
        name="{=ZFwKlHIJ}Woodland Longbow"
        body_name="bo_composite_longbow_a"
        mesh="longbow_c"
        culture="Culture.battania"
        weight="0.1"
        difficulty="50"
        appearance="0.1"
        Type="Bow"
        item_holsters="bow_back:bow_back_2:bow_hip:bow_hip_2">
    <ItemComponent>
      <Weapon weapon_class="Bow"
              ammo_class="Arrow"
              ammo_limit="1"
              thrust_speed="78"
              speed_rating="89"
              missile_speed="82"
              weapon_length="118"
              accuracy="96"
              thrust_damage="71"
              thrust_damage_type="Pierce"
              item_usage="long_bow"
              physics_material="wood_weapon"
              center_of_mass="0.15,0,0"
              modifier_group="bow">
        <WeaponFlags RangedWeapon="true"
                     HasString="true"
                     StringHeldByHand="true"
                     NotUsableWithOneHand="true"
                     TwoHandIdleOnMount="true"
                     AutoReload="true"
                     UnloadWhenSheathed="true" />
      </Weapon>
    </ItemComponent>
    <Flags ForceAttachOffHandPrimaryItemBone="true" />
  </Item>
  <Item id="longbow_recurve_desert_bow"
        name="{=OjHwbgeY}Strong Tribesman Bow"
        body_name="bo_composite_longbow_g"
        mesh="longbow_i"
        culture="Culture.aserai"
        weight="0.3"
        difficulty="50"
        appearance="0.1"
        Type="Bow"
        item_holsters="bow_back:bow_back_2:bow_hip:bow_hip_2">
    <ItemComponent>
      <Weapon weapon_class="Bow"
              ammo_class="Arrow"
              ammo_limit="1"
              thrust_speed="75"
              speed_rating="89"
              missile_speed="84"
              weapon_length="116"
              accuracy="95"
              thrust_damage="70"
              thrust_damage_type="Pierce"
              item_usage="long_bow"
              physics_material="wood_weapon"
              center_of_mass="0.15,0,0"
              modifier_group="bow">
        <WeaponFlags RangedWeapon="true"
                     HasString="true"
                     StringHeldByHand="true"
                     NotUsableWithOneHand="true"
                     TwoHandIdleOnMount="true"
                     AutoReload="true"
                     UnloadWhenSheathed="true" />
      </Weapon>
    </ItemComponent>
    <Flags ForceAttachOffHandPrimaryItemBone="true" />
  </Item>
  <Item id="nomad_bow"
        name="{=ifzgMcrK}Nomad Bow"
        body_name="bo_composite_longbow_g"
        mesh="longbow_g"
        culture="Culture.aserai"
        weight="0.5"
        difficulty="50"
        appearance="0.3"
        Type="Bow"
        item_holsters="bow_back:bow_back_2:bow_hip:bow_hip_2">
    <ItemComponent>
      <Weapon weapon_class="Bow"
              ammo_class="Arrow"
              ammo_limit="1"
              thrust_speed="70"
              speed_rating="89"
              missile_speed="79"
              weapon_length="114"
              accuracy="91"
              thrust_damage="65"
              thrust_damage_type="Pierce"
              item_usage="long_bow"
              physics_material="wood_weapon"
              center_of_mass="0.15,0,0"
              modifier_group="bow">
        <WeaponFlags RangedWeapon="true"
                     HasString="true"
                     StringHeldByHand="true"
                     NotUsableWithOneHand="true"
                     TwoHandIdleOnMount="true"
                     AutoReload="true"
                     UnloadWhenSheathed="true" />
      </Weapon>
    </ItemComponent>
    <Flags ForceAttachOffHandPrimaryItemBone="true" />
  </Item>
  <Item id="lowland_yew_bow"
        name="{=9YbFEaZ1}Yew Bow"
        body_name="bo_composite_longbow_a"
        mesh="longbow_b"
        culture="Culture.vlandia"
        difficulty="50"
        weight="0.5"
        appearance="0.4"
        Type="Bow"
        item_holsters="bow_back:bow_back_2:bow_hip:bow_hip_2">
    <ItemComponent>
      <Weapon weapon_class="Bow"
              ammo_class="Arrow"
              ammo_limit="1"
              thrust_speed="79"
              speed_rating="90"
              missile_speed="79"
              weapon_length="117"
              accuracy="94"
              thrust_damage="65"
              thrust_damage_type="Pierce"
              item_usage="long_bow"
              physics_material="wood_weapon"
              center_of_mass="0.15,0,0"
              modifier_group="bow">
        <WeaponFlags RangedWeapon="true"
                     HasString="true"
                     StringHeldByHand="true"
                     NotUsableWithOneHand="true"
                     TwoHandIdleOnMount="true"
                     AutoReload="true"
                     UnloadWhenSheathed="true" />
      </Weapon>
    </ItemComponent>
    <Flags ForceAttachOffHandPrimaryItemBone="true" />
  </Item>
  <!-- #endregion -->
  <!-- #region Tier 5 -->
  <Item id="noble_bow"
        name="{=EO7pCu1b}Noble Bow"
        body_name="bo_composite_shotbow_f"
        mesh="shortbow_f"
        weight="0.8"
        difficulty="70"
        appearance="0.1"
        Type="Bow"
        item_holsters="bow_back_2:bow_hip:bow_hip_2:bow_back">
    <ItemComponent>
      <Weapon weapon_class="Bow"
              ammo_class="Arrow"
              ammo_limit="1"
              thrust_speed="115"
              speed_rating="94"
              missile_speed="88"
              weapon_length="116"
              accuracy="97"
              thrust_damage="75"
              thrust_damage_type="Pierce"
              item_usage="bow"
              physics_material="wood_weapon"
              center_of_mass="0.1,0,-0.15"
              modifier_group="bow">
        <WeaponFlags RangedWeapon="true"
                     HasString="true"
                     StringHeldByHand="true"
                     NotUsableWithOneHand="true"
                     TwoHandIdleOnMount="true"
                     AutoReload="true"
                     UnloadWhenSheathed="true" />
      </Weapon>
    </ItemComponent>
    <Flags ForceAttachOffHandPrimaryItemBone="true" />
  </Item>
  <Item id="noble_long_bow"
        name="{=WRqYWspc}Noble Long Bow"
        body_name="bo_composite_longbow_g"
        mesh="longbow_j"
        weight="0.8"
        difficulty="70"
        appearance="0.1"
        Type="Bow"
        item_holsters="bow_back:bow_back_2:bow_hip:bow_hip_2">
    <ItemComponent>
      <Weapon weapon_class="Bow"
              ammo_class="Arrow"
              ammo_limit="1"
              thrust_speed="90"
              speed_rating="91"
              missile_speed="85"
              weapon_length="118"
              accuracy="98"
              thrust_damage="85"
              thrust_damage_type="Pierce"
              item_usage="long_bow"
              physics_material="wood_weapon"
              center_of_mass="0.15,0,0"
              modifier_group="bow">
        <WeaponFlags RangedWeapon="true"
                     HasString="true"
                     StringHeldByHand="true"
                     NotUsableWithOneHand="true"
                     TwoHandIdleOnMount="true"
                     AutoReload="true"
                     UnloadWhenSheathed="true" />
      </Weapon>
    </ItemComponent>
    <Flags ForceAttachOffHandPrimaryItemBone="true" />
  </Item>

  <CraftedItem id="ete_throwing_axe1"
							 name="{=etethrowaxe1}Heavy Francesca"
							 crafting_template="ThrowingAxe"
               culture="Culture.vlandia"
               modifier_group="axe_throwing">
<Pieces>
<Piece id="axe_craft_12_head_th"
			 Type="Blade"/>
<Piece id="axe_craft_12_handle"
			 Type="Handle"/>
</Pieces>
<!-- Length: 43 Weight: 0.83 -->
</CraftedItem>

 <!-- #militia Weapons -->
<CraftedItem id="militia_axe_bamboo"
							 name="{=etemilitiaaxe1}Bamboo Milita Axe"
               crafting_template="OneHandedAxe"
               modifier_group="cheap_weapon">
<Pieces>
<Piece id="axe_craft_32_head"
			 Type="Blade"/>
<Piece id="axe_craft_15_handle"
			 Type="Handle"/>
<Piece id="default_polearm_pommel"
			 Type="Pommel"/>
</Pieces>
<!-- Length: 62 Weight: 0.96 -->
</CraftedItem>

<CraftedItem id="militia_axe_1"
						 name="{=etemilitiaaxe2}Milita Axe"
             crafting_template="OneHandedAxe"
             modifier_group="cheap_weapon">
<Pieces>
<Piece id="axe_craft_32_head"
			 Type="Blade"/>
<Piece id="axe_craft_2_handle"
			 Type="Handle"/>
<Piece id="default_polearm_pommel"
			 Type="Pommel"/>
</Pieces>
<!-- Length: 65 Weight: 0.98 -->
</CraftedItem>

<CraftedItem id="ete_gladius"
					   name="{=gladius}Gladius"
		         crafting_template="OneHandedSword"
             culture="Culture.empire"
             modifier_group="sword">
<Pieces>
<Piece id="battania_blade_2"
			 Type="Blade"/>
<Piece id="battania_guard_6"
			 Type="Guard"/>
<Piece id="sturgian_grip_4"
			 Type="Handle"/>
<Piece id="empire_pommel_2"
			 Type="Pommel"/>
</Pieces>
<!-- Length: 68 Weight: 1.24 -->
</CraftedItem>

<CraftedItem id="Khanjar"
						  name="{=Khanjar}Khanjar"
               crafting_template="Dagger"
               culture="Culture.aserai"
               modifier_group="sword">
<Pieces>
<Piece id="dagger_blade_8"
			 Type="Blade"/>
<Piece id="aserai_dagger_guard_1"
			 Type="Guard"/>
<Piece id="aserai_grip_3"
			 Type="Handle"/>
<Piece id="aserai_pommel_9"
			 Type="Pommel"/>
</Pieces>
<!-- Length: 54 Weight: 0.99 -->
</CraftedItem>

<CraftedItem id="ete_dagger1"
							 name="{=etedagger1}Dagger"
							 crafting_template="Dagger"
               modifier_group="sword">
<Pieces>
<Piece id="dagger_blade_6"
			 Type="Blade"/>
<Piece id="vlandian_dagger_guard_5"
			 Type="Guard"/>
<Piece id="aserai_grip_25"
			 Type="Handle"/>
<Piece id="vlandian_pommel_1"
			 Type="Pommel"/>
</Pieces>
<!-- Length: 52 Weight: 0.79 -->
</CraftedItem>

<Item
		id="northern_scouts_shield"
		name="{=aprm5ypZ}Sturdy Cavalry Kite Shield"
		body_name="bo_cap_shield_sturgia_cavalary_a"
		shield_body_name="bo_cap_shield_sturgia_cavalary_a"
		recalculate_body="false"
		mesh="shield_sturgia_cavalary_a"
		culture="Culture.sturgia"
		using_tableau="true"
		weight="4.7"
		appearance="0.7"
		Type="Shield"
		item_holsters="shield_kite:shield_2:shield_3:shield_4"
		has_lower_holster_priority="true"
		holster_position_shift="-0.1,-0.1,0">
		<ItemComponent>
			<Weapon
				weapon_class="LargeShield"
				body_armor="1"
				thrust_speed="82"
				thrust_damage_type="Blunt"
				speed_rating="101"
				physics_material="wood_shield"
				item_usage="shield"
				position="0.0, 0.00, 0.00"
				rotation="0.0,10.0,40.00"
				weapon_length="78"
				center_of_mass="0.0,0.1,0.05"
				hit_points="350"
				modifier_group="shield">
				<WeaponFlags
					CanBlockRanged="true"
					HasHitPoints="true" />
			</Weapon>
		</ItemComponent>
		<Flags
			WoodenParry="true"
			HeldInOffHand="true"
			ForceAttachOffHandSecondaryItemBone="true" />
	</Item>
	<Item
		id="northern_horsemans_shield"
		name="{=BmHJmxXz}Reinforced Cavalry Shield"
		body_name="bo_cap_shield_sturgia_cavalary_b"
		shield_body_name="bo_shield_sturgia_cavalary_b"
		recalculate_body="false"
		mesh="shield_sturgia_cavalary_b"
		culture="Culture.sturgia"
		using_tableau="true"
		weight="4.7"
		appearance="0.7"
		Type="Shield"
		item_holsters="shield_kite:shield_2:shield_3:shield_4"
		has_lower_holster_priority="true"
		holster_position_shift="-0.1,-0.1,0">
		<ItemComponent>
			<Weapon
				weapon_class="LargeShield"
				body_armor="6"
				thrust_speed="82"
				thrust_damage_type="Blunt"
				speed_rating="82"
				physics_material="wood_shield"
				item_usage="shield"
				position="0.0, 0.00, 0.00"
				rotation="0.0,10.0,40.00"
				weapon_length="78"
				center_of_mass="0.0,0.1,0.05"
				hit_points="400"
				modifier_group="shield">
				<WeaponFlags
					CanBlockRanged="true"
					HasHitPoints="true" />
			</Weapon>
		</ItemComponent>
		<Flags
			WoodenParry="true"
			HeldInOffHand="true"
			ForceAttachOffHandSecondaryItemBone="true" />
	</Item>

  <Item
		id="berzerker_trunks"
		name="{=etearmor1}Berzerker Trunks"
		mesh="bandit_1_a"
		subtype="body_armor"
		culture="Culture.sturgia"
		weight="0.4"
		difficulty="0"
		appearance="1"
		Type="BodyArmor">
		<ItemComponent>
			<Armor
				body_armor="6"
				leg_armor="5"
				covers_body="false"
				has_gender_variations="false"
				modifier_group="leather"
				material_type="Leather" />
		</ItemComponent>
		<Flags
			DoesNotHideChest="true"
			UseTeamColor="true"
			Civilian="true" />
	</Item>
	<Item
		id="armored_berzerker_trunks"
		name="{=etearmor2}Armored Berzerker Trunks"
		mesh="bandit_1_b"
		subtype="body_armor"
		culture="Culture.sturgia"
		weight="0.5"
		difficulty="0"
		appearance="1"
		Type="BodyArmor">
		<ItemComponent>
			<Armor
				body_armor="8"
				leg_armor="6"
				arm_armor="0"
				covers_body="false"
				has_gender_variations="false"
				modifier_group="leather"
				material_type="Leather" />
		</ItemComponent>
		<Flags
			DoesNotHideChest="true"
			UseTeamColor="true" />
	</Item>

  <Item
		id="camel"
		name="{=HAcujhib}Camel{@Plural}camels{\@}"
		mesh="camel_mesh"
		item_category="horse"
		culture="Culture.aserai"
		weight="500"
		difficulty="10"
		appearance="0"
		Type="Horse">
		<ItemComponent>
			<Horse
				monster="Monster.camel"
				maneuver="60"
				speed="44"
				charge_damage="20"
				body_length="115"
				extra_health="60"
				is_pack_animal="false"
				is_mountable="true" />
		</ItemComponent>
		<Flags
			Civilian="true" />
	</Item>

  <Item
		id="war_camel"
		name="{=TXpQetkh}War Camel{@Plural}war camels{\@}"
		mesh="camel_mesh"
		item_category="war_horse"
		culture="Culture.aserai"
		weight="500"
		difficulty="45"
		appearance="0"
		Type="Horse">
		<ItemComponent>
			<Horse
				monster="Monster.camel"
				maneuver="67"
				speed="48"
				charge_damage="24"
				body_length="115"
				extra_health="80"
				is_pack_animal="false"
				is_mountable="true" />
		</ItemComponent>
		<Flags
			Civilian="true" />
	</Item>

  <Item
		id="special_camel"
		name="{=ApiPJ1NJ}Husnphree{@Plural}Husnphree camels{\@}"
		is_merchandise="false"
		culture="Culture.aserai"
		mesh="camel_mesh"
		item_category="horse"
		weight="550"
		difficulty="65"
		appearance="1"
		Type="Horse">
		<ItemComponent>
			<Horse
				monster="Monster.camel"
				maneuver="69"
				speed="48"
				charge_damage="28"
				body_length="115"
				extra_health="120"
				is_pack_animal="false"
				is_mountable="true" />
		</ItemComponent>
		<Flags
			Civilian="true" />
	</Item>

	<Item
		id="noble_camel"
		name="{=ABWvOCTE}Nahasa Camel{@Plural}Nahasa camels{\@}"
		is_merchandise="false"
		culture="Culture.aserai"
		mesh="camel_mesh"
		item_category="horse"
		weight="540"
		difficulty="80"
		appearance="0"
		Type="Horse">
		<ItemComponent>
			<Horse
				monster="Monster.camel"
				maneuver="72"
				speed="49"
				charge_damage="22"
				body_length="115"
				extra_health="100"
				is_pack_animal="false"
				is_mountable="true" />
		</ItemComponent>
		<Flags
			Civilian="true" />
	</Item>

<Item
		id="t2_vlandia_horse"
		name="{=meARhlZC}Valanby Courser{@Plural}Valanby coursers{\@}"
		mesh="horse_brown"
		subtype="horse"
		item_category="war_horse"
		culture="Culture.vlandia"
		weight="475"
		difficulty="35"
		appearance="0"
		Type="Horse">
		<ItemComponent>
			<Horse
				monster="Monster.horse"
				maneuver="58"
				speed="52"
				charge_damage="28"
				body_length="115"
				is_mountable="true"
				extra_health="40"
				skeleton_scale="vlandia_horse">
				<AdditionalMeshes>
					<Mesh
						name="horse_mane_2"
						affected_by_cover="true" />
				</AdditionalMeshes>
				<Materials>
					<Material
						name="horse_brown_mat">
						<MeshMultipliers>
							<MeshMultiplier
								mesh_multiplier="FF010101"
								percentage="0.75" />
							<MeshMultiplier
								mesh_multiplier="FF909090"
								percentage="0.25" />
						</MeshMultipliers>
					</Material>
					<Material
						name="horse_black_mat">
						<MeshMultipliers>
							<MeshMultiplier
								mesh_multiplier="FF010101"
								percentage="0.75" />
							<MeshMultiplier
								mesh_multiplier="FF909090"
								percentage="0.25" />
						</MeshMultipliers>
					</Material>
					<Material
						name="horse_grey_mat">
						<MeshMultipliers>
							<MeshMultiplier
								mesh_multiplier="FF303030"
								percentage="0.75" />
							<MeshMultiplier
								mesh_multiplier="FF909090"
								percentage="0.25" />
						</MeshMultipliers>
					</Material>
					<Material
						name="horse_white_mat">
						<MeshMultipliers>
							<MeshMultiplier
								mesh_multiplier="FF303030"
								percentage="1.0" />
						</MeshMultipliers>
					</Material>
				</Materials>
			</Horse>
		</ItemComponent>
		<Flags
			Civilian="true" />
	</Item>
  
  <Item
		id="t3_vlandia_horse"
		name="{=MedDPUNh}Destrier{@Plural}destriers{\@}"
		mesh="horse_brown"
		subtype="horse"
		item_category="noble_horse"
		culture="Culture.vlandia"
		weight="550"
		difficulty="60"
		appearance="0"
		Type="Horse">
		<ItemComponent>
			<Horse
				monster="Monster.horse"
				maneuver="68"
				speed="58"
				charge_damage="30"
				body_length="118"
				is_mountable="true"
				extra_health="60"
				skeleton_scale="vlandia_horse">
				<AdditionalMeshes>
					<Mesh
						name="horse_mane_2"
						affected_by_cover="true" />
				</AdditionalMeshes>
				<Materials>
					<Material
						name="horse_brown_mat">
						<MeshMultipliers>
							<MeshMultiplier
								mesh_multiplier="FF010101"
								percentage="0.75" />
							<MeshMultiplier
								mesh_multiplier="FF909090"
								percentage="0.25" />
						</MeshMultipliers>
					</Material>
					<Material
						name="horse_black_mat">
						<MeshMultipliers>
							<MeshMultiplier
								mesh_multiplier="FF010101"
								percentage="0.75" />
							<MeshMultiplier
								mesh_multiplier="FF909090"
								percentage="0.25" />
						</MeshMultipliers>
					</Material>
					<Material
						name="horse_grey_mat">
						<MeshMultipliers>
							<MeshMultiplier
								mesh_multiplier="FF303030"
								percentage="0.75" />
							<MeshMultiplier
								mesh_multiplier="FF909090"
								percentage="0.25" />
						</MeshMultipliers>
					</Material>
					<Material
						name="horse_white_mat">
						<MeshMultipliers>
							<MeshMultiplier
								mesh_multiplier="FF303030"
								percentage="1.0" />
						</MeshMultipliers>
					</Material>
				</Materials>
			</Horse>
		</ItemComponent>
		<Flags
			Civilian="true" />
	</Item>

</Items>


