﻿<?xml version="1.0" encoding="utf-8"?>
<NPCCharacters>
 
 <NPCCharacter id="spc_empire_aspirant_0" name="Aspirant" voice="curt" is_template="true" default_group="Cavalry" is_hero="false" culture="Culture.empire" occupation="Lord">
    <face>
      <face_key_template value="BodyProperty.fighter_empire" />
    </face>
    <skills></skills>
    <Traits>
      <Trait id="Valor" value="+1" />
      <Trait id="Mercy" value="-1" />
      <Trait id="Calculating" value="1" />
      <Trait id="Commander" value="10" />
      <Trait id="BalancedFightingSkills" value="5" />
      <Trait id="KnightFightingSkills" value="3" />
    </Traits>
    <Equipments>
      <EquipmentSet id="spc_empire_aspirant" />
      <EquipmentSet id="spc_empire_aspirant" civilian="true" />
    </Equipments>
  </NPCCharacter>

  <NPCCharacter id="spc_empire_aspirant_1" name="Aspirant" voice="curt" is_template="true" default_group="Cavalry" is_hero="false" culture="Culture.empire" occupation="Lord">
    <face>
      <face_key_template value="BodyProperty.fighter_empire" />
    </face>
    <skills></skills>
    <Traits>
      <Trait id="Valor" value="+1" />
      <Trait id="Mercy" value="-1" />
      <Trait id="Generosity" value="+1" />
      <Trait id="Calculating" value="-1" />
      <Trait id="Commander" value="10" />
      <Trait id="Manager" value="2"/>
      <Trait id="BalancedFightingSkills" value="4" />
      <Trait id="KnightFightingSkills" value="2" />
    </Traits>
    <Equipments>
      <EquipmentSet id="spc_empire_aspirant" />
      <EquipmentSet id="spc_empire_aspirant" civilian="true" />
    </Equipments>
  </NPCCharacter>

  <NPCCharacter id="spc_empire_aspirant_2" name="Aspirant" voice="curt" is_template="true" default_group="Cavalry" is_hero="false" culture="Culture.empire" occupation="Lord">
    <face>
      <face_key_template value="BodyProperty.fighter_empire" />
    </face>
    <skills></skills>
    <Traits>
      <Trait id="Mercy" value="1" />
      <Trait id="Generosity" value="+1" />
      <Trait id="Calculating" value="1" />
      <Trait id="Commander" value="10" />
      <Trait id="Manager" value="3"/>
      <Trait id="BalancedFightingSkills" value="4" />
      <Trait id="Politician" value="3"/>
      <Trait id="KnightFightingSkills" value="2" />
    </Traits>
    <Equipments>
      <EquipmentSet id="spc_empire_aspirant" />
      <EquipmentSet id="spc_empire_aspirant" civilian="true" />
    </Equipments>
  </NPCCharacter>

  <NPCCharacter id="spc_empire_folkhero_militia_1" name="Militia commander" voice="curt" is_template="true" default_group="Cavalry" is_hero="false" culture="Culture.empire" occupation="Lord">
    <face>
      <face_key_template value="BodyProperty.fighter_empire" />
    </face>
    <skills></skills>
    <Traits>
      <Trait id="Valor" value="+1" />
      <Trait id="Generosity" value="1" />
      <Trait id="Calculating" value="1" />
      <Trait id="Commander" value="9" />
      <Trait id="RogueSkills" value="3" />
      <Trait id="Manager" value="3"/>
      <Trait id="BalancedFightingSkills" value="2" />
      <Trait id="KnightFightingSkills" value="2" />
    </Traits>
    <Equipments>
      <EquipmentSet id="spc_empire_folkhero_militia" />
      <EquipmentSet id="spc_empire_folkhero_militia" civilian="true" />
    </Equipments>
  </NPCCharacter>

  <NPCCharacter id="spc_empire_folkhero_militia_2" name="Militia commander" voice="curt" is_template="true" default_group="Cavalry" is_hero="false" culture="Culture.empire" occupation="Lord">
    <face>
      <face_key_template value="BodyProperty.fighter_empire" />
    </face>
    <skills></skills>
    <Traits>
      <Trait id="Mercy" value="1" />
      <Trait id="Valor" value="-1" />
      <Trait id="Generosity" value="-1" />
      <Trait id="Calculating" value="1" />
      <Trait id="Commander" value="9" />
      <Trait id="RogueSkills" value="1" />
      <Trait id="Manager" value="2"/>
      <Trait id="BalancedFightingSkills" value="3" />
      <Trait id="KnightFightingSkills" value="2" />
    </Traits>
    <Equipments>
      <EquipmentSet id="spc_empire_folkhero_militia" />
      <EquipmentSet id="spc_empire_folkhero_militia" civilian="true" />
    </Equipments>
  </NPCCharacter>

  <NPCCharacter id="spc_empire_folkhero_militia_3" name="Militia commander" voice="curt" is_template="true" default_group="Cavalry" is_hero="false" culture="Culture.empire" occupation="Lord">
    <face>
      <face_key_template value="BodyProperty.fighter_empire" />
    </face>
    <skills></skills>
    <Traits>
      <Trait id="Mercy" value="1" />
      <Trait id="Generosity" value="1" />
      <Trait id="Calculating" value="-1" />
      <Trait id="Commander" value="6" />
      <Trait id="RogueSkills" value="2" />
      <Trait id="Manager" value="4"/>
      <Trait id="BalancedFightingSkills" value="3" />
      <Trait id="KnightFightingSkills" value="2" />
    </Traits>
    <Equipments>
      <EquipmentSet id="spc_empire_folkhero_militia" />
      <EquipmentSet id="spc_empire_folkhero_militia" civilian="true" />
    </Equipments>
  </NPCCharacter>

  <NPCCharacter id="spc_empire_folkhero_statesman_0" name="Statesman" voice="curt" is_template="true" default_group="Cavalry" is_hero="false" culture="Culture.empire" occupation="Lord">
    <face>
      <face_key_template value="BodyProperty.fighter_empire" />
    </face>
    <skills></skills>
    <Traits>
      <Trait id="Mercy" value="-1" />
      <Trait id="Generosity" value="-1" />
      <Trait id="Calculating" value="1" />
      <Trait id="Commander" value="4" />
      <Trait id="Manager" value="6"/>
      <Trait id="Politician" value="4"/>
      <Trait id="BalancedFightingSkills" value="2" />
      <Trait id="KnightFightingSkills" value="2" />
    </Traits>
    <Equipments>
      <EquipmentSet id="spc_empire_folkhero_statesman" />
      <EquipmentSet id="spc_empire_folkhero_statesman" civilian="true" />
    </Equipments>
  </NPCCharacter>

  <NPCCharacter id="spc_empire_folkhero_statesman_1" name="Statesman" voice="curt" is_template="true" default_group="Cavalry" is_hero="false" culture="Culture.empire" occupation="Lord">
    <face>
      <face_key_template value="BodyProperty.fighter_empire" />
    </face>
    <skills></skills>
    <Traits>
      <Trait id="Mercy" value="1" />
      <Trait id="Generosity" value="1" />
      <Trait id="Calculating" value="1" />
      <Trait id="Commander" value="4" />
      <Trait id="RogueSkills" value="2" />
      <Trait id="Manager" value="5"/>
      <Trait id="Politician" value="4"/>
      <Trait id="BalancedFightingSkills" value="3" />
      <Trait id="KnightFightingSkills" value="2" />
    </Traits>
    <Equipments>
      <EquipmentSet id="spc_empire_folkhero_statesman" />
      <EquipmentSet id="spc_empire_folkhero_statesman" civilian="true" />
    </Equipments>
  </NPCCharacter>

  <NPCCharacter id="spc_empire_folkhero_statesman_2" name="Statesman" voice="curt" is_template="true" default_group="Cavalry" is_hero="false" culture="Culture.empire" occupation="Lord">
    <face>
      <face_key_template value="BodyProperty.fighter_empire" />
    </face>
    <skills></skills>
    <Traits>
      <Trait id="Honor" value="-1" />
      <Trait id="Generosity" value="-1" />
      <Trait id="Calculating" value="1" />
      <Trait id="Commander" value="2" />
      <Trait id="RogueSkills" value="2" />
      <Trait id="Manager" value="5"/>
      <Trait id="BalancedFightingSkills" value="2" />
      <Trait id="KnightFightingSkills" value="2" />
      <Trait id="Politician" value="4"/>
    </Traits>
    <Equipments>
      <EquipmentSet id="spc_empire_folkhero_statesman" />
      <EquipmentSet id="spc_empire_folkhero_statesman" civilian="true" />
    </Equipments>
  </NPCCharacter>

<!--sturgia-->
  <NPCCharacter id="spc_nordic_merc_0" name="Northman" voice="curt" is_template="true" default_group="Infantry" is_hero="false" culture="Culture.sturgia" occupation="Lord">
    <face>
      <face_key_template value="BodyProperty.fighter_sturgia" />
    </face>
    <skills></skills>
    <Traits>
      <Trait id="Honor" value="1" />
      <Trait id="Valor" value="1" />
      <Trait id="Mercy" value="-1" />
      <Trait id="Generosity" value="-1" />
      <Trait id="Calculating" value="-1" />
      <Trait id="Commander" value="12" />
      <Trait id="HuscarlFightingSkills" value="7" />
    </Traits>
    <Equipments>
      <EquipmentSet id="spc_nordic_merc" />
      <EquipmentSet id="spc_nordic_merc" civilian="true" />
    </Equipments>
  </NPCCharacter>
  <NPCCharacter id="spc_nordic_merc_1" name="Northman" voice="softspoken" is_template="true" default_group="Infantry" is_hero="false" culture="Culture.sturgia" occupation="Lord">
    <face>
      <face_key_template value="BodyProperty.fighter_sturgia" />
    </face>
    <skills></skills>
    <Traits>
      <Trait id="Calculating" value="1" />
      <Trait id="Valor" value="1" />
      <Trait id="Commander" value="12" />
      <Trait id="HuscarlFightingSkills" value="5" />
    </Traits>
    <Equipments>
      <EquipmentSet id="spc_nordic_merc" />
      <EquipmentSet id="spc_nordic_merc" civilian="true" />
    </Equipments>
  </NPCCharacter>
  <NPCCharacter id="spc_nordic_merc_2" name="Northman" voice="softspoken" is_template="true" default_group="Infantry" is_hero="false" culture="Culture.sturgia" occupation="Lord">
    <face>
      <face_key_template value="BodyProperty.fighter_sturgia" />
    </face>
    <skills></skills>
    <Traits>
      <Trait id="Calculating" value="-1" />
      <Trait id="Valor" value="1" />
      <Trait id="Commander" value="12" />
      <Trait id="HuscarlFightingSkills" value="5" />
    </Traits>
    <Equipments>
      <EquipmentSet id="spc_nordic_merc" />
      <EquipmentSet id="spc_nordic_merc" civilian="true" />
    </Equipments>
  </NPCCharacter>
  <NPCCharacter id="spc_nordic_merc_3" name="Northman" voice="softspoken" is_template="true" default_group="Infantry" is_hero="false" culture="Culture.sturgia" occupation="Lord">
    <face>
      <face_key_template value="BodyProperty.fighter_sturgia" />
    </face>
    <!--<Hero id="spc_skolderbrotva_leader_3" faction="Faction.skolderbrotva" clan="Clan.skolderbrotva"/>-->
    <skills></skills>
    <Traits>
      <Trait id="Calculating" value="-1" />
      <Trait id="Valor" value="1" />
      <Trait id="Commander" value="12" />
      <Trait id="HuscarlFightingSkills" value="5" />
    </Traits>
    <Equipments>
      <EquipmentSet id="spc_nordic_merc" />
      <EquipmentSet id="spc_nordic_merc" civilian="true" />
    </Equipments>
  </NPCCharacter>

  <!--vlandia-->
  <NPCCharacter id="spc_wander_knight_0" name="knight" voice="curt" is_template="true" default_group="Cavalry" is_hero="false" culture="Culture.vlandia" occupation="Lord">
    <face>
      <face_key_template value="BodyProperty.fighter_vlandia" />
    </face>
    <skills></skills>
    <Traits>
      <Trait id="Mercy" value="-1" />
      <Trait id="Calculating" value="1" />
      <Trait id="Commander" value="12" />
      <Trait id="Politician" value="4"/>
      <Trait id="KnightFightingSkills" value="7" />
    </Traits>
    <Equipments>
      <EquipmentSet id="spc_wander_knight" />
      <EquipmentSet id="spc_wander_knight" civilian="true" />
    </Equipments>
  </NPCCharacter>
 
  <NPCCharacter id="spc_wander_knight_1" name="knight" voice="earnest" is_template="true" default_group="Cavalry" is_hero="false" culture="Culture.vlandia" occupation="Lord">
    <face>
      <face_key_template value="BodyProperty.fighter_vlandia" />
    </face>
    <skills></skills>
    <Traits>
      <Trait id="Valor" value="1" />
      <Trait id="Mercy" value="-1" />
      <Trait id="Generosity" value="1" />
      <Trait id="Commander" value="12" />
      <Trait id="Politician" value="3"/>
      <Trait id="KnightFightingSkills" value="5" />
    </Traits>
    <Equipments>
      <EquipmentSet id="spc_wander_knight" />
      <EquipmentSet id="spc_wander_knight" civilian="true" />
    </Equipments>
  </NPCCharacter>

  <NPCCharacter id="spc_wander_knight_2" name="knight" voice="ironic" is_template="true" default_group="Cavalry" is_hero="false" culture="Culture.vlandia" occupation="Lord">
    <face>
      <face_key_template value="BodyProperty.fighter_vlandia" />
    </face>
    <skills></skills>
    <Traits>
      <Trait id="Mercy" value="-1" />
      <Trait id="Honor" value="-1" />
      <Trait id="Calculating" value="1" />
      <Trait id="Commander" value="12" />
      <Trait id="Politician" value="2"/>
      <Trait id="KnightFightingSkills" value="5" />
    </Traits>
    <Equipments>
      <EquipmentSet id="spc_wander_knight" />
      <EquipmentSet id="spc_wander_knight" civilian="true" />
    </Equipments>
  </NPCCharacter>

  <NPCCharacter id="spc_wander_knight_3" name="knight" voice="curt" is_template="true" default_group="Cavalry" is_hero="false" culture="Culture.vlandia" occupation="Lord">
    <face>
      <face_key_template value="BodyProperty.fighter_vlandia" />
    </face>
    <skills></skills>
    <Traits>
      <Trait id="Valor" value="1" />
      <Trait id="Honor" value="1" />
      <Trait id="Calculating" value="-1" />
      <Trait id="Commander" value="12" />
      <Trait id="Politician" value="3"/>
      <Trait id="KnightFightingSkills" value="5" />
    </Traits>
    <Equipments>
      <EquipmentSet id="spc_wander_knight" />
      <EquipmentSet id="spc_wander_knight" civilian="true" />
    </Equipments>
  </NPCCharacter>

   <NPCCharacter id="spc_vlandia_guild_master_0" name="Guild Master" voice="curt" is_template="true" default_group="Cavalry" is_hero="false" culture="Culture.vlandia" occupation="Lord">
    <face>
      <face_key_template value="BodyProperty.fighter_vlandia" />
    </face>
    <skills></skills>
    <Traits>
      <Trait id="Mercy" value="1" />
      <Trait id="Calculating" value="1" />
      <Trait id="Generosity" value="1" />
      <Trait id="Commander" value="6" />
      <Trait id="Politician" value="4"/>
      <Trait id="Manager" value="5"/>
      <Trait id="KnightFightingSkills" value="7" />
    </Traits>
    <Equipments>
      <EquipmentSet id="spc_vlandia_guild_master" />
      <EquipmentSet id="spc_vlandia_guild_master" civilian="true" />
    </Equipments>
  </NPCCharacter>
 
  <NPCCharacter id="spc_vlandia_guild_master_1" name="Guild Master" voice="earnest" is_template="true" default_group="Cavalry" is_hero="false" culture="Culture.vlandia" occupation="Lord">
    <face>
      <face_key_template value="BodyProperty.fighter_vlandia" />
    </face>
    <skills></skills>
    <Traits>
      <Trait id="Valor" value="-1" />
      <Trait id="Generosity" value="1" />
      <Trait id="Commander" value="6" />
      <Trait id="Politician" value="3"/>
      <Trait id="Manager" value="5"/>
      <Trait id="KnightFightingSkills" value="5" />
    </Traits>
    <Equipments>
      <EquipmentSet id="spc_vlandia_guild_master" />
      <EquipmentSet id="spc_vlandia_guild_master" civilian="true" />
    </Equipments>
  </NPCCharacter>

  <NPCCharacter id="spc_vlandia_guild_master_2" name="Guild Master" voice="ironic" is_template="true" default_group="Cavalry" is_hero="false" culture="Culture.vlandia" occupation="Lord">
    <face>
      <face_key_template value="BodyProperty.fighter_vlandia" />
    </face>
    <skills></skills>
    <Traits>
      <Trait id="Honor" value="-1" />
      <Trait id="Calculating" value="1" />
      <Trait id="Commander" value="6" />
      <Trait id="Politician" value="2"/>
       <Trait id="Manager" value="4"/>
      <Trait id="KnightFightingSkills" value="5" />
    </Traits>
    <Equipments>
      <EquipmentSet id="spc_vlandia_guild_master" />
      <EquipmentSet id="spc_vlandia_guild_master" civilian="true" />
    </Equipments>
  </NPCCharacter>

  <NPCCharacter id="spc_vlandia_guild_master_3" name="Guild Master" voice="curt" is_template="true" default_group="Cavalry" is_hero="false" culture="Culture.vlandia" occupation="Lord">
    <face>
      <face_key_template value="BodyProperty.fighter_vlandia" />
    </face>
    <skills></skills>
    <Traits>
      <Trait id="Honor" value="1" />
      <Trait id="Calculating" value="1" />
      <Trait id="Commander" value="6" />
      <Trait id="Politician" value="3"/>
      <Trait id="Manager" value="4"/>
      <Trait id="KnightFightingSkills" value="5" />
    </Traits>
    <Equipments>
      <EquipmentSet id="spc_vlandia_guild_master" />
      <EquipmentSet id="spc_vlandia_guild_master" civilian="true" />
    </Equipments>
  </NPCCharacter>

   <NPCCharacter id="spc_battania_wander_fian_0" name="{=KkStFl12}of the Wolfskins" voice="ironic" is_template="true" default_group="Infantry" is_hero="false" culture="Culture.battania" occupation="Lord">
    <face>
      <face_key_template value="BodyProperty.fighter_battania" />
    </face>
    <skills></skills>
    <Traits>
      <Trait id="Valor" value="1" />
      <Trait id="Mercy" value="-1" />
      <Trait id="Calculating" value="-1" />
      <Trait id="Commander" value="10" />
      <Trait id="Manager" value="2"/>
      <Trait id="BalancedFightingSkills" value="7" />
    </Traits>
    <Equipments>
      <EquipmentSet id="spc_battania_wander_fian" />
      <EquipmentSet id="spc_battania_wander_fian" civilian="true" />
    </Equipments>
  </NPCCharacter>

  <NPCCharacter id="spc_battania_wander_fian_1" name="{=KkStFl12}of the Wolfskins" voice="softspoken" is_template="true" default_group="Infantry" is_hero="false" culture="Culture.battania" occupation="Lord">
    <face>
      <face_key_template value="BodyProperty.fighter_battania" />
    </face>
    <skills></skills>
    <Traits>
      <Trait id="Calculating" value="1" />
      <Trait id="Valor" value="1" />
      <Trait id="Commander" value="10" />
      <Trait id="Manager" value="1"/>
      <Trait id="BalancedFightingSkills" value="5" />
    </Traits>
    <Equipments>
      <EquipmentSet id="spc_battania_wander_fian" />
      <EquipmentSet id="spc_battania_wander_fian" civilian="true" />
    </Equipments>
  </NPCCharacter>

  <NPCCharacter id="spc_battania_wander_fian_2" name="{=KkStFl12}of the Wolfskins" voice="softspoken" is_template="true" default_group="Infantry" is_hero="false" culture="Culture.battania" occupation="Lord">
    <face>
      <face_key_template value="BodyProperty.fighter_battania" />
    </face>
    <skills></skills>
    <Traits>
      <Trait id="Honor" value="1" />
      <Trait id="Valor" value="1" />
      <Trait id="Commander" value="10" />
      <Trait id="Manager" value="1"/>
      <Trait id="BalancedFightingSkills" value="5" />
    </Traits>
    <Equipments>
      <EquipmentSet id="spc_battania_wander_fian" />
      <EquipmentSet id="spc_battania_wander_fian" civilian="true" />
    </Equipments>
  </NPCCharacter>

  <NPCCharacter id="spc_battania_wander_fian_3" name="{=KkStFl12}of the Wolfskins" voice="softspoken" is_template="true" default_group="Infantry" is_hero="false" culture="Culture.battania" occupation="Lord">
    <face>
      <face_key_template value="BodyProperty.fighter_battania" />
    </face>
    <skills></skills>
    <Traits>
      <Trait id="Calculating" value="1" />
      <Trait id="Honor" value="-1" />
      <Trait id="Commander" value="10" />
      <Trait id="Manager" value="1"/>
      <Trait id="BalancedFightingSkills" value="5" />
    </Traits>
    <Equipments>
      <EquipmentSet id="spc_battania_wander_fian" />
      <EquipmentSet id="spc_battania_wander_fian" civilian="true" />
    </Equipments>
  </NPCCharacter>

    <NPCCharacter id="spc_khuzaits_minor_noble_0" name="{=bpw8fOs5}of the Karakhuzaits" voice="curt" is_template="true" default_group="Infantry" is_hero="false" culture="Culture.khuzait" occupation="Lord">
    <face>
      <face_key_template value="BodyProperty.fighter_khuzait" />
    </face>
    <skills></skills>
    <Traits>
      <Trait id="Honor" value="1" />
      <Trait id="Valor" value="1" />
      <Trait id="Calculating" value="-1" />
      <Trait id="Commander" value="10" />
      <Trait id="Manager" value="1"/>
      <Trait id="Politician" value="3"/>
      <Trait id="HorseArcherFightingSkills" value="7" />
    </Traits>
    <Equipments>
      <EquipmentSet id="khu_bat_template_medium" />
      <EquipmentSet id="npc_wanderer_equipment_template_khuzait" civilian="true" />
      <EquipmentSet id="spc_khuzaits_minor_noble" />
    </Equipments>
  </NPCCharacter>

  <NPCCharacter id="spc_khuzaits_minor_noble_1" name="{=bpw8fOs5}of the Karakhuzaits" voice="softspoken" is_template="true" default_group="Infantry" is_hero="false" culture="Culture.khuzait" occupation="Lord">
    <face>
      <face_key_template value="BodyProperty.fighter_khuzait" />
    </face>
    <skills></skills>
    <Traits>
      <Trait id="Mercy" value="-1" />
      <Trait id="Generosity" value="1" />
      <Trait id="Honor" value="-1" />
      <Trait id="Manager" value="2"/>
      <Trait id="Politician" value="2"/>
      <Trait id="Commander" value="8" />
      <Trait id="HorseArcherFightingSkills" value="6" />
    </Traits>
    <Equipments>
      <EquipmentSet id="khu_bat_template_medium" />
      <EquipmentSet id="npc_wanderer_equipment_template_khuzait" civilian="true" />
      <EquipmentSet id="spc_khuzaits_minor_noble" />
    </Equipments>
  </NPCCharacter>
  <NPCCharacter id="spc_khuzaits_minor_noble_2" name="{=bpw8fOs5}of the Karakhuzaits" voice="softspoken" is_template="true" default_group="Infantry" is_hero="false" culture="Culture.khuzait" occupation="Lord">
    <face>
      <face_key_template value="BodyProperty.fighter_khuzait" />
    </face>
    <skills></skills>
    <Traits>
      <Trait id="Mercy" value="-1" />
      <Trait id="Generosity" value="1" />
      <Trait id="Calculating" value="1" />
      <Trait id="Commander" value="8" />
      <Trait id="Manager" value="1"/>
      <Trait id="Politician" value="1"/>
      <Trait id="HorseArcherFightingSkills" value="6" />
    </Traits>
    <Equipments>
      <EquipmentSet id="khu_bat_template_medium" />
      <EquipmentSet id="npc_wanderer_equipment_template_khuzait" civilian="true" />
      <EquipmentSet id="spc_khuzaits_minor_noble" />
    </Equipments>
  </NPCCharacter>
  <NPCCharacter id="spc_khuzaits_minor_noble_3" name="{=bpw8fOs5}of the Karakhuzaits" voice="softspoken" is_template="true" default_group="Infantry" is_hero="false" culture="Culture.khuzait" occupation="Lord">
    <face>
      <face_key_template value="BodyProperty.fighter_khuzait" />
    </face>
    <skills></skills>
    <Traits>
      <Trait id="Mercy" value="-1" />
      <Trait id="Generosity" value="1" />
      <Trait id="Calculating" value="1" />
      <Trait id="Commander" value="10" />
      <Trait id="Manager" value="2"/>
      <Trait id="Politician" value="1"/>
      <Trait id="HorseArcherFightingSkills" value="6" />
    </Traits>
    <Equipments>
      <EquipmentSet id="khu_bat_template_medium" />
      <EquipmentSet id="npc_wanderer_equipment_template_khuzait" civilian="true" />
      <EquipmentSet id="spc_khuzaits_minor_noble" />
    </Equipments>
  </NPCCharacter>

   <NPCCharacter id="spc_ghilman_leader_0" name="{=IgOTjF4i}of the Ghilman" voice="earnest" is_template="true" default_group="Infantry" is_hero="false" culture="Culture.aserai" occupation="Lord">
    <face>
      <face_key_template value="BodyProperty.fighter_aserai" />
    </face>
    <!--<Hero id="spc_ghilman_leader_0" faction="Faction.ghilman" clan="Clan.ghilman"/>-->
    <skills></skills>
    <Traits>
      <Trait id="Valor" value="1" />
      <Trait id="Generosity" value="1" />
      <Trait id="Commander" value="12" />
      <Trait id="BalancedFightingSkills" value="3" />
      <Trait id="KnightFightingSkills" value="5" />
    </Traits>
    <Equipments>
      <EquipmentSet id="spc_ghilman_leader_0_e" />
      <EquipmentSet id="spc_ghilman_leader_0_e" civilian="true" />
    </Equipments>
  </NPCCharacter>
  <NPCCharacter id="spc_ghilman_leader_1" name="{=IgOTjF4i}of the Ghilman" voice="ironic" is_template="true" default_group="Infantry" is_hero="false" culture="Culture.aserai" occupation="Lord">
    <face>
      <face_key_template value="BodyProperty.fighter_aserai" />
    </face>
    <!--<Hero id="spc_ghilman_leader_1" faction="Faction.ghilman" clan="Clan.ghilman"/>-->
    <skills></skills>
    <Traits>
      <Trait id="Honor" value="-1" />
      <Trait id="Calculating" value="1" />
      <Trait id="Commander" value="12" />
      <Trait id="BalancedFightingSkills" value="2" />
      <Trait id="KnightFightingSkills" value="4" />
    </Traits>
    <Equipments>
      <EquipmentSet id="spc_ghilman_leader_1_e" />
      <EquipmentSet id="spc_ghilman_leader_1_e" civilian="true" />
    </Equipments>
  </NPCCharacter>
  <NPCCharacter id="spc_ghilman_leader_2" name="{=IgOTjF4i}of the Ghilman" voice="ironic" is_template="true" default_group="Infantry" is_hero="false" culture="Culture.aserai" occupation="Lord">
    <face>
      <face_key_template value="BodyProperty.fighter_aserai" />
    </face>
    <!--<Hero id="spc_ghilman_leader_2" faction="Faction.ghilman" clan="Clan.ghilman"/>-->
    <skills></skills>
    <Traits>
      <Trait id="Honor" value="-1" />
      <Trait id="Calculating" value="1" />
      <Trait id="Commander" value="12" />
      <Trait id="BalancedFightingSkills" value="2" />
      <Trait id="KnightFightingSkills" value="4" />
    </Traits>
    <Equipments>
      <EquipmentSet id="spc_ghilman_leader_2_e" />
      <EquipmentSet id="spc_ghilman_leader_2_e" civilian="true" />
    </Equipments>
  </NPCCharacter>
  <NPCCharacter id="spc_ghilman_leader_3" name="{=IgOTjF4i}of the Ghilman" voice="ironic" is_template="true" default_group="Infantry" is_hero="false" culture="Culture.aserai" occupation="Lord">
    <face>
      <face_key_template value="BodyProperty.fighter_aserai" />
    </face>
    <!--<Hero id="spc_ghilman_leader_3" faction="Faction.ghilman" clan="Clan.ghilman"/>-->
    <skills></skills>
    <Traits>
      <Trait id="Honor" value="-1" />
      <Trait id="Calculating" value="1" />
      <Trait id="Commander" value="12" />
      <Trait id="BalancedFightingSkills" value="2" />
      <Trait id="KnightFightingSkills" value="4" />
    </Traits>
    <Equipments>
      <EquipmentSet id="spc_ghilman_leader_3_e" />
      <EquipmentSet id="spc_ghilman_leader_3_e" civilian="true" />
    </Equipments>
  </NPCCharacter>

 <!--<wander empire/>-->
  <NPCCharacter id="spc_wanderer_empire_0" name="{=bvjFhiDr}{FIRSTNAME} the Scholar" voice="curt" age="29" default_group="Infantry" is_template="true" is_hero="false" culture="Culture.empire" occupation="Wanderer" skill_template="SkillSet.spc_wanderer_empire_0_skills">
    <face>
      <face_key_template value="BodyProperty.fighter_empire" />
    </face>
    <!--<Hero id="spc_wanderer_empire_0" faction="Kingdom.empire"  is_template="true" /> -->
    <Traits>
      <Trait id="RomanHair" value="1" />
      <!-- <Trait id="BalancedFightingSkills" value="2" />
      <Trait id="EngineerSkills" value="6" /> -->
      <Trait id="Mercy" value="1" />
      <Trait id="Generosity" value="-1" />
    </Traits>
    <Equipments>
      <EquipmentSet id="npc_companion_equipment_template_empire_cit" civilian="true" />
      <EquipmentSet id="npc_companion_equipment_template_empire_cit" />
    </Equipments>
  </NPCCharacter>

   <NPCCharacter id="spc_wanderer_empire_1" name="{=xTQPfmS9}{FIRSTNAME} the Bull" voice="earnest" age="29" is_template="true" default_group="Infantry" is_hero="false" culture="Culture.empire" occupation="Wanderer" skill_template="SkillSet.spc_wanderer_empire_1_skills">
    <face>
      <face_key_template value="BodyProperty.fighter_empire" />
    </face>
    <!--<Hero id="spc_wanderer_empire_1" faction="Kingdom.empire"  is_template="true" />-->
    <Traits>
      <Trait id="RomanHair" value="1" />
      <!-- <Trait id="HuscarlFightingSkills" value="4" />
      <Trait id="Commander" value="4" /> -->
      <Trait id="Valor" value="1" />
      <Trait id="Honor" value="-1" />
      <Trait id="Calculating" value="-1" />
    </Traits>
    <Equipments>
      <EquipmentSet id="npc_companion_equipment_template_empire_war" civilian="true" />
      <EquipmentSet id="npc_companion_equipment_template_empire_war" />
    </Equipments>
  </NPCCharacter>
  <!-- Family lost military land grant, must work for merchants -->
  <NPCCharacter id="spc_wanderer_empire_2" name="{=Ivx4uJVp}{FIRSTNAME} the Silent" voice="softspoken" age="26" default_group="Cavalry" is_template="true" is_hero="false" culture="Culture.empire" occupation="Wanderer" skill_template="SkillSet.spc_wanderer_empire_2_skills">
    <face>
      <face_key_template value="BodyProperty.fighter_empire" />
    </face>
    <!--<Hero id="spc_wanderer_empire_2" faction="Kingdom.empire"  is_template="true" />-->
    <Traits>
      <Trait id="RomanHair" value="1" />
      <!-- <Trait id="KnightFightingSkills" value="4" />
      <Trait id="Commander" value="6" /> -->
      <Trait id="Valor" value="1" />
      <Trait id="Mercy" value="1" />
      <Trait id="Generosity" value="1" />
    </Traits>
    <Equipments>
      <EquipmentSet id="npc_companion_equipment_template_empire_slient" civilian="true" />
      <EquipmentSet id="npc_companion_equipment_template_empire_slient" />
    </Equipments>
  </NPCCharacter>

   <NPCCharacter id="spc_wanderer_empire_3" name="{=1OZBZZCi}{FIRSTNAME} the Boar" voice="ironic" age="40" default_group="Infantry" is_template="true" is_hero="false" culture="Culture.empire" occupation="Wanderer" skill_template="SkillSet.spc_wanderer_empire_3_skills">
    <face>
      <face_key_template value="BodyProperty.fighter_empire" />
    </face>
    <!--<Hero id="spc_wanderer_empire_3" faction="Kingdom.empire" />-->
    <Traits>
      <Trait id="RomanHair" value="1" />
      <!-- <Trait id="HopliteFightingSkills" value="5" />
      <Trait id="SergeantCommandSkills" value="3" />
      <Trait id="EngineerSkills" value="4" /> -->
      <Trait id="Valor" value="1" />
      <Trait id="Honor" value="1" />
      <Trait id="Mercy" value="-1" />
    </Traits>
    <Equipments>
      <EquipmentSet id="npc_companion_equipment_template_empire_war" civilian="true" />
      <EquipmentSet id="npc_companion_equipment_template_empire_war" />
    </Equipments>
  </NPCCharacter>

  <NPCCharacter id="spc_wanderer_empire_4" name="{=t9e34kgH}{FIRSTNAME} the Robber" voice="ironic" age="22" default_group="Infantry" is_hero="false" is_template="true" culture="Culture.empire" occupation="Wanderer" skill_template="SkillSet.spc_wanderer_empire_4_skills">
    <face>
      <face_key_template value="BodyProperty.fighter_empire" />
    </face>
    <!--<Hero id="spc_wanderer_empire_4" faction="Kingdom.empire" />-->
    <Traits>
      <Trait id="RomanHair" value="1" />
      <!-- <Trait id="PeltastFightingSkills" value="3" />
      <Trait id="RogueSkills" value="6" /> -->
      <Trait id="Honor" value="-1" />
      <Trait id="Mercy" value="1" />
      <Trait id="Generosity" value="1" />
    </Traits>
    <Equipments>
      <EquipmentSet id="npc_companion_equipment_template_empire_bandit" civilian="true" />
      <EquipmentSet id="npc_companion_equipment_template_empire_bandit" />
    </Equipments>
  </NPCCharacter>

  
  <NPCCharacter id="spc_wanderer_empire_5" name="{=pZSAdyC0}{FIRSTNAME} the Butcher" voice="curt" age="30" default_group="Infantry" is_template="true" is_hero="false" culture="Culture.empire" occupation="Wanderer" skill_template="SkillSet.spc_wanderer_empire_5_skills">
    <face>
      <face_key_template value="BodyProperty.fighter_empire" />
    </face>
    <!--<Hero id="spc_wanderer_empire_5" faction="Kingdom.empire" is_template="true" />-->
    <Traits>
      <Trait id="RomanHair" value="1" />
      <!-- <Trait id="PeltastFightingSkills" value="4" />
      <Trait id="RogueSkills" value="6" /> -->
      <Trait id="Mercy" value="-1" />
      <Trait id="Honor" value="-1" />
      <Trait id="Generosity" value="-1" />
    </Traits>
    <Equipments>
      <EquipmentSet id="npc_companion_equipment_template_empire_war" civilian="true" />
      <EquipmentSet id="npc_companion_equipment_template_empire_war" />
    </Equipments>
  </NPCCharacter>

    <NPCCharacter id="spc_wanderer_empire_6" name="{=OArAImbM}{FIRSTNAME} of the Hills" voice="curt" age="22" default_group="Ranged" is_template="true" is_hero="false" culture="Culture.empire" occupation="Wanderer" skill_template="SkillSet.spc_wanderer_empire_6_skills">
    <face>
      <face_key_template value="BodyProperty.fighter_empire" />
    </face>
    <!--<Hero id="spc_wanderer_empire_6" faction="Kingdom.empire" is_template="true" />-->
    <Traits>
      <Trait id="RomanHair" value="1" />
      <!-- <Trait id="ArcherFIghtingSkills" value="3" />
      <Trait id="ScoutSkills" value="4" />
      <Trait id="RogueSkills" value="2" /> -->
      <Trait id="Valor" value="1" />
      <Trait id="Honor" value="1" />
      <Trait id="Generosity" value="-1" />
    </Traits>
    <Equipments>
      <EquipmentSet id="npc_companion_equipment_template_empire_bandit" civilian="true" />
      <EquipmentSet id="npc_companion_equipment_template_empire_bandit" />
    </Equipments>
  </NPCCharacter>

 <NPCCharacter id="spc_wanderer_empire_7" name="{=28tWEFNi}{FIRSTNAME} the Wanderer" voice="ironic" age="24" is_template="true" default_group="Infantry" is_female="true" is_hero="false" culture="Culture.empire" occupation="Wanderer" skill_template="SkillSet.spc_wanderer_empire_7_skills">
    <face>
      <face_key_template value="BodyProperty.townswoman_empire" />
    </face>
    <!--<Hero id="spc_wanderer_empire_7" faction="Kingdom.empire" />-->
    <Traits>
      <Trait id="RomanHair" value="1" />
      <!-- <Trait id="HopliteFightingSkills" value="3" />
      <Trait id="Blacksmith" value="4" /> -->
      <Trait id="Valor" value="1" />
      <Trait id="Calculating" value="1" />
    </Traits>
    <Equipments>
      <EquipmentSet id="npc_companion_equipment_template_empire_war" civilian="true" />
      <EquipmentSet id="npc_companion_equipment_template_empire_war" />
    </Equipments>
  </NPCCharacter>

   <NPCCharacter id="spc_wanderer_empire_8" name="{=PQkMcfAW}{FIRSTNAME} the Exile" voice="curt" age="23" default_group="Infantry" is_template="true" is_female="true" is_hero="false" culture="Culture.empire" occupation="Wanderer" skill_template="SkillSet.spc_wanderer_empire_8_skills">
    <face>
      <face_key_template value="BodyProperty.townswoman_empire" />
    </face>
    <!--<Hero id="spc_wanderer_empire_8" faction="Kingdom.empire" />-->
    <Traits>
      <Trait id="RomanHair" value="1" />
      <!-- <Trait id="CrossbowmanStyle" value="3" />
      <Trait id="RogueSkills" value="4" />
      <Trait id="Trader" value="8" /> -->
      <!--<Trait id="Manager" value="4" />-->
      <Trait id="Honor" value="1" />
      <Trait id="Mercy" value="-1" />
    </Traits>
    <Equipments>
      <EquipmentSet id="npc_companion_equipment_template_empire_cit" civilian="true" />
      <EquipmentSet id="npc_companion_equipment_template_empire_cit" />
    </Equipments>
  </NPCCharacter>

   <NPCCharacter id="spc_wanderer_empire_9" name="{=7apnGFz7}{FIRSTNAME} the Black" voice="curt" age="21" default_group="Infantry" is_template="true" is_female="true" is_hero="false" culture="Culture.empire" occupation="Wanderer" skill_template="SkillSet.spc_wanderer_empire_9_skills">
    <face>
      <face_key_template value="BodyProperty.townswoman_empire" />
    </face>
    <!--<Hero id="spc_wanderer_empire_9" faction="Kingdom.empire" />-->
    <Traits>
      <Trait id="RomanHair" value="1" />
      <!-- <Trait id="BalancedFightingSkills" value="3" />
      <Trait id="RogueSkills" value="4" /> -->
      <Trait id="Valor" value="1" />
      <Trait id="Generosity" value="1" />
      <!--<Trait id="GangLeaderIsNemesis" value="1" />-->
    </Traits>
    <Equipments>
      <EquipmentSet id="npc_companion_equipment_template_empire_crime" civilian="true" />
      <EquipmentSet id="npc_companion_equipment_template_empire_crime" />
    </Equipments>
  </NPCCharacter>

   <NPCCharacter id="spc_wanderer_empire_10" name="{=cud22JY1}{FIRSTNAME} the Surgeon" voice="ironic" is_template="true" age="31" default_group="Infantry" is_hero="false" culture="Culture.empire" occupation="Wanderer" skill_template="SkillSet.spc_wanderer_empire_10_skills">
    <face>
      <face_key_template value="BodyProperty.fighter_empire" />
    </face>
    <!--<Hero id="spc_wanderer_empire_10" faction="Kingdom.empire" is_template="true" />-->
    <Traits>
      <Trait id="RomanHair" value="1" />
      <!--
      <Trait id="BalancedFightingSkills" value="3" />
      <Trait id="Surgeon" value="7" /> -->
      <Trait id="Honor" value="1" />
      <Trait id="Calculating" value="1" />
      <Trait id="Generosity" value="1" />
      <Trait id="Mercy" value="1" />
    </Traits>
    <Equipments>
      <EquipmentSet id="npc_companion_equipment_template_empire_cit" civilian="true" />
      <EquipmentSet id="npc_companion_equipment_template_empire_cit" />
    </Equipments>
  </NPCCharacter>

   <NPCCharacter id="spc_wanderer_empire_11" name="{=e84pvBYI}{FIRSTNAME} the Dispossessed" voice="earnest" age="28" default_group="Infantry" is_template="true" is_female="true" is_hero="false" culture="Culture.empire" occupation="Wanderer" skill_template="SkillSet.spc_wanderer_empire_11_skills">
    <face>
      <face_key_template value="BodyProperty.townswoman_empire" />
    </face>
    <Traits>
      <!--<Trait id="LordIsNemesis" value="1" />-->
      <Trait id="RomanHair" value="1" />
      <!--
      <Trait id="CavalryFightingSkills" value="4" />
      <Trait id="Manager" value="7" />
      <Trait id="Politician" value="6" /> -->
      <Trait id="Honor" value="1" />
    </Traits>
    <Equipments>
      <EquipmentSet id="npc_companion_equipment_template_empire_cit" civilian="true" />
      <EquipmentSet id="npc_companion_equipment_template_empire_cit" />
    </Equipments>
  </NPCCharacter>

  <NPCCharacter id="spc_wanderer_sturgia_0" name="{=yr5pa0hs}{FIRSTNAME} Willowbark" voice="softspoken" age="28" is_template="true" is_female="true" default_group="Infantry" is_hero="false" culture="Culture.sturgia" occupation="Wanderer" skill_template="SkillSet.spc_wanderer_sturgia_0_skills">
    <face>
      <face_key_template value="BodyProperty.townswoman_sturgia" />
    </face>
    <Traits>
      <!-- <Trait id="PeltastFightingSkills" value="2" />
      <Trait id="Surgeon" value="6" /> -->
      <Trait id="Calculating" value="1" />
      <Trait id="Mercy" value="1" />
    </Traits>
    <Equipments>
      <EquipmentSet id="npc_companion_equipment_template_sturgia_civ" civilian="true" />
      <EquipmentSet id="npc_companion_equipment_template_sturgia_civ" />
    </Equipments>
  </NPCCharacter>

   <!--braggart backstory - claims he found skolderbrotva too soft -->
  <NPCCharacter id="spc_wanderer_sturgia_1" name="{=W7aa22Yl}{FIRSTNAME} Breakskull" voice="earnest" age="27" is_template="true" default_group="Infantry" is_hero="false" culture="Culture.sturgia" occupation="Wanderer" skill_template="SkillSet.spc_wanderer_sturgia_1_skills">
    <face>
      <face_key_template value="BodyProperty.fighter_sturgia" />
    </face>
    <Traits>
      <Trait id="RusHair" value="1" />
      <!-- <Trait id="HuscarlFightingSkills" value="4" /> -->
      <Trait id="Valor" value="1" />
      <Trait id="Calculating" value="-1" />
      <Trait id="Mercy" value="-1" />
    </Traits>
    <Equipments>
      <EquipmentSet id="npc_companion_equipment_template_sturgia_war" civilian="true" />
      <EquipmentSet id="npc_companion_equipment_template_sturgia_war" />
    </Equipments>
  </NPCCharacter>
  <!--enterprising young would-be raider, wants to do his father proud -->
  <NPCCharacter id="spc_wanderer_sturgia_2" name="{=aE8abvsQ}{FIRSTNAME} the Lucky" voice="earnest" age="21" default_group="Infantry" is_template="true" is_hero="false" culture="Culture.sturgia" occupation="Wanderer" skill_template="SkillSet.spc_wanderer_sturgia_2_skills">
    <face>
      <face_key_template value="BodyProperty.fighter_sturgia" />
    </face>
    <Traits>
      <Trait id="RusHair" value="1" />
      <!-- 
      <Trait id="HuscarlFightingSkills" value="3" />
      <Trait id="Commander" value="6" /> -->
      <Trait id="Valor" value="1" />
      <Trait id="Generosity" value="1" />
    </Traits>
    <Equipments>
      <EquipmentSet id="npc_companion_equipment_template_sturgia_war" civilian="true" />
      <EquipmentSet id="npc_companion_equipment_template_sturgia_war" />
    </Equipments>
  </NPCCharacter>
  <!-- vaegir guard veteran backstory - bitter about riots -->
  <NPCCharacter id="spc_wanderer_sturgia_3" name="{=LmlL8fVu}{FIRSTNAME} Bloodaxe" voice="curt" age="35" default_group="Infantry" is_template="true" is_hero="false" culture="Culture.sturgia" occupation="Wanderer" skill_template="SkillSet.spc_wanderer_sturgia_3_skills">
    <face>
      <face_key_template value="BodyProperty.fighter_sturgia" />
    </face>
    <Traits>
      <Trait id="RusHair" value="1" />
      <!-- 
      <Trait id="HuscarlFightingSkills" value="5" />
      <Trait id="SergeantCommandSkills" value="3" /> -->
      <Trait id="Honor" value="1" />
      <Trait id="Calculating" value="1" />
    </Traits>
    <Equipments>
      <EquipmentSet id="npc_companion_equipment_template_sturgia_war" civilian="true" />
      <EquipmentSet id="npc_companion_equipment_template_sturgia_war" />
    </Equipments>
  </NPCCharacter>

   <!--outlaw backstory,  easily angered  -->
  <NPCCharacter id="spc_wanderer_sturgia_4" name="{=WU5GnkvR}{FIRSTNAME} the Fish" voice="softspoken" age="23" default_group="Infantry" is_template="true" is_hero="false" culture="Culture.sturgia" occupation="Wanderer" skill_template="SkillSet.spc_wanderer_sturgia_4_skills">
    <face>
      <face_key_template value="BodyProperty.fighter_sturgia" />
    </face>
    <Traits>
      <!-- <Trait id="ArcherFIghtingSkills" value="3" />
      <Trait id="ScoutSkills" value="6" /> -->
      <Trait id="Generosity" value="1" />
      <Trait id="Honor" value="-1" />
      <!--<Trait id="RuralClanIsNemesis" value="1" />-->
    </Traits>
    <Equipments>
      <EquipmentSet id="npc_companion_equipment_template_sturgia_civ" civilian="true" />
      <EquipmentSet id="npc_companion_equipment_template_sturgia_civ" />
    </Equipments>
  </NPCCharacter>
  <!-- coalbiter backstory -->
  <NPCCharacter id="spc_wanderer_sturgia_5" name="{=NSaetzNJ}{FIRSTNAME} Coalbiter" voice="curt" age="30" default_group="Infantry" is_hero="false" is_template="true" culture="Culture.sturgia" occupation="Wanderer" skill_template="SkillSet.spc_wanderer_sturgia_5_skills">
    <face>
      <face_key_template value="BodyProperty.fighter_sturgia" />
    </face>
    <Traits>
      <!-- <Trait id="HuscarlFightingSkills" value="5" />
      <Trait id="Blacksmith" value="6" /> -->
      <Trait id="Valor" value="1" />
      <Trait id="Generosity" value="1" />
      <Trait id="Mercy" value="-1" />
      <Trait id="Calculating" value="-1" />
    </Traits>
    <Equipments>
      <EquipmentSet id="npc_companion_equipment_template_sturgia_war" civilian="true" />
      <EquipmentSet id="npc_companion_equipment_template_sturgia_war" />
    </Equipments>
  </NPCCharacter>
  <!--icebeard - mossbeard. Simple misanthrope, cheated in marriage by brother-in-law, went to woods -->
  <NPCCharacter id="spc_wanderer_sturgia_6" name="{=zXjdb1zT}{FIRSTNAME} Frostbeard" voice="curt" age="24" default_group="Ranged" is_template="true" is_hero="false" culture="Culture.sturgia" occupation="Wanderer" skill_template="SkillSet.spc_wanderer_sturgia_6_skills">
    <face>
      <face_key_template value="BodyProperty.fighter_sturgia" />
    </face>
    <Traits>
      <!-- decent archer, good scout-->
      <Trait id="Valor" value="1" />
      <Trait id="Generosity" value="1" />
      <Trait id="Mercy" value="1" />
      <Trait id="Calculating" value="-1" />
    </Traits>
    <Equipments>
      <EquipmentSet id="npc_companion_equipment_template_sturgia_wood" civilian="true" />
      <EquipmentSet id="npc_companion_equipment_template_sturgia_wood" />
    </Equipments>
  </NPCCharacter>

  <NPCCharacter id="spc_wanderer_sturgia_7" name="{=QyQPJJ9B}{FIRSTNAME} the Accursed" voice="ironic" age="24" default_group="Infantry" is_template="true" is_female="true" is_hero="false" culture="Culture.sturgia" occupation="Wanderer" skill_template="SkillSet.spc_wanderer_sturgia_7_skills">
    <face>
      <face_key_template value="BodyProperty.townswoman_sturgia" />
    </face>
    <Traits>
      <!-- <Trait id="ArcherFIghtingSkills" value="3" />
      <Trait id="EngineerSkills" value="6" /> -->
      <Trait id="Valor" value="1" />
      <Trait id="Honor" value="1" />
      <Trait id="Mercy" value="1" />
      <Trait id="Generosity" value="-1" />
    </Traits>
    <Equipments>
      <EquipmentSet id="npc_companion_equipment_template_sturgia_civ" civilian="true" />
      <EquipmentSet id="npc_companion_equipment_template_sturgia_civ" />
    </Equipments>
  </NPCCharacter>
  <!-- shield maiden -->
  <NPCCharacter id="spc_wanderer_sturgia_8" name="{=rtsnnL2J}{FIRSTNAME} the Shieldmaiden" voice="curt" age="29" default_group="Infantry" is_template="true" is_female="true" is_hero="false" culture="Culture.sturgia" occupation="Wanderer" skill_template="SkillSet.spc_wanderer_sturgia_8_skills">
    <face>
      <face_key_template value="BodyProperty.townswoman_sturgia" />
    </face>
    <Traits>
      <!--<Trait id="RuralClanIsNemesis" value="1" />-->
      <!-- <Trait id="HuscarlFightingSkills" value="5" /> -->
      <Trait id="Valor" value="1" />
      <Trait id="Honor" value="1" />
      <Trait id="Mercy" value="-1" />
    </Traits>
    <Equipments>
      <EquipmentSet id="npc_companion_equipment_template_sturgia_war" civilian="true" />
      <EquipmentSet id="npc_companion_equipment_template_sturgia_war" />
    </Equipments>
  </NPCCharacter>
  <!--proud hireling who will do any task, values professionalism -->
  <NPCCharacter id="spc_wanderer_sturgia_9" name="{=akALDUs0}{FIRSTNAME} Longknife" voice="ironic" age="26" default_group="Infantry" is_template="true" is_female="true" is_hero="false" culture="Culture.sturgia" occupation="Wanderer" skill_template="SkillSet.spc_wanderer_sturgia_9_skills">
    <face>
      <face_key_template value="BodyProperty.townswoman_sturgia" />
    </face>
    <Traits>
      <!-- Trait id="PeltastFightingSkills" value="3" />
      <Trait id="RogueSkills" value="6" /> -->
      <Trait id="Honor" value="-1" />
      <Trait id="Calculating" value="1" />
      <Trait id="Generosity" value="1" />
    </Traits>
    <Equipments>
      <EquipmentSet id="npc_companion_equipment_template_sturgia_civ" civilian="true" />
      <EquipmentSet id="npc_companion_equipment_template_sturgia_civ" />
    </Equipments>
  </NPCCharacter>

    <NPCCharacter id="spc_wanderer_battania_0" name="{=G8mawcBV}{FIRSTNAME} the Healer" voice="ironic" age="30" is_female="true" is_template="true" default_group="Infantry" is_hero="false" culture="Culture.battania" occupation="Wanderer" skill_template="SkillSet.spc_wanderer_battania_0_skills">
    <face>
      <face_key_template value="BodyProperty.townswoman_battania" />
    </face>
    <Traits>
      <!-- <Trait id="PeltastFightingSkills" value="2" />
      <Trait id="Surgeon" value="7" />
      <Trait id="ScoutSkills" value="4" /> -->
      <Trait id="Calculating" value="1" />
      <Trait id="Honor" value="-1" />
    </Traits>
    <Equipments>
      <EquipmentSet id="npc_companion_equipment_template_battania_healer" civilian="true" />
      <EquipmentSet id="npc_companion_equipment_template_battania_healer" />
    </Equipments>
  </NPCCharacter>
  <!-- boastful, keeps a collection of his enemies' heads  -->
  <NPCCharacter id="spc_wanderer_battania_1" name="{=qslA0bVb}{FIRSTNAME} the Red" voice="earnest" age="28" default_group="Infantry" is_template="true" is_hero="false" culture="Culture.battania" occupation="Wanderer" skill_template="SkillSet.spc_wanderer_battania_1_skills">
    <face>
      <face_key_template value="BodyProperty.fighter_battania" />
    </face>
    <!--<Hero id="spc_wanderer_battania_1" faction="Kingdom.battania" />-->
    <Traits>
      <!-- <Trait id="HuscarlFightingSkills" value="4" />
      <Trait id="Politician" value="6" /> -->
      <Trait id="Valor" value="1" />
      <Trait id="Honor" value="-1" />
      <Trait id="Calculating" value="-1" />
    </Traits>
    <Equipments>
      <EquipmentSet id="npc_companion_equipment_template_battania_war" civilian="true" />
      <EquipmentSet id="npc_companion_equipment_template_battania_war" />
    </Equipments>
  </NPCCharacter>
  <!--Set up to die in a duel by his stepfather, but won the duels -->
  <NPCCharacter id="spc_wanderer_battania_2" name="{=2U2Hy2Su}{FIRSTNAME} Fairhair" voice="ironic" age="28" default_group="Infantry" is_template="true" is_hero="false" culture="Culture.battania" occupation="Wanderer" skill_template="SkillSet.spc_wanderer_battania_2_skills">
    <face>
      <face_key_template value="BodyProperty.fighter_battania" />
    </face>
    <!--<Hero id="spc_wanderer_battania_2" faction="Kingdom.battania" />-->
    <Traits>
      <!-- <Trait id="HopliteFightingSkills" value="4" /> -->
      <Trait id="Valor" value="1" />
      <Trait id="Generosity" value="1" />
    </Traits>
    <Equipments>
      <EquipmentSet id="npc_companion_equipment_template_battania_war" civilian="true" />
      <EquipmentSet id="npc_companion_equipment_template_battania_war" />
    </Equipments>
  </NPCCharacter>
  <!-- the grey, professional veteran. fought for the empire -->
  <NPCCharacter id="spc_wanderer_battania_3" name="{=pTuZB1Hj}{FIRSTNAME} Ironbelly" voice="ironic" age="35" default_group="Infantry" is_template="true" is_hero="false" culture="Culture.battania" occupation="Wanderer" skill_template="SkillSet.spc_wanderer_battania_3_skills">
    <face>
      <face_key_template value="BodyProperty.fighter_battania" />
    </face>
    <Traits>
      <!-- <Trait id="PeltastFightingSkills" value="5" />
      <Trait id="SergeantCommandSkills" value="4" /> -->
      <Trait id="Valor" value="1" />
      <Trait id="Honor" value="1" />
      <Trait id="Mercy" value="-1" />
    </Traits>
    <Equipments>
      <EquipmentSet id="npc_companion_equipment_template_battania_war" civilian="true" />
      <EquipmentSet id="npc_companion_equipment_template_battania_war" />
    </Equipments>
  </NPCCharacter>
  <!-- horsethief, boastful -->
  <NPCCharacter id="spc_wanderer_battania_4" name="{=fJmGKlaO}{FIRSTNAME} Horsethief" voice="ironic" age="27" default_group="Infantry" is_template="true" is_hero="false" culture="Culture.battania" occupation="Wanderer" skill_template="SkillSet.spc_wanderer_battania_4_skills">
    <face>
      <face_key_template value="BodyProperty.fighter_battania" />
    </face>
    <Traits>
      <!--
      <Trait id="CavalryFightingSkills" value="4" />
      <Trait id="ScoutSkills" value="5" /> -->
      <Trait id="Honor" value="-1" />
      <Trait id="Generosity" value="1" />
    </Traits>
    <Equipments>
      <EquipmentSet id="npc_companion_equipment_template_battania_banished" civilian="true" />
      <EquipmentSet id="npc_companion_equipment_template_battania_banished" />
    </Equipments>
  </NPCCharacter>
  <!--loner, deserted the wolfskins -->
  <NPCCharacter id="spc_wanderer_battania_5" name="{=CQOlMayc}{FIRSTNAME} the Ragged" voice="softspoken" age="24" default_group="Ranged" is_template="true" is_hero="false" culture="Culture.battania" occupation="Wanderer" skill_template="SkillSet.spc_wanderer_battania_5_skills">
    <face>
      <face_key_template value="BodyProperty.fighter_battania" />
    </face>
    <!--<Hero id="spc_wanderer_battania_5" faction="Kingdom.battania" />-->
    <Traits>
      <!--
      <Trait id="ArcherFIghtingSkills" value="3" />
      <Trait id="ScoutSkills" value="3" /> -->
      <Trait id="Honor" value="1" />
      <Trait id="Mercy" value="1" />
      <Trait id="Calculating" value="-1" />
    </Traits>
    <Equipments>
      <EquipmentSet id="npc_companion_equipment_template_battania_forest" civilian="true" />
      <EquipmentSet id="npc_companion_equipment_template_battania_forest" />
    </Equipments>
  </NPCCharacter>
  <!--talkative bandit, of the hills -->
  <NPCCharacter id="spc_wanderer_battania_6" name="{=nqE62lQW}{FIRSTNAME} Blacktooth" voice="ironic" age="22" default_group="Ranged" is_template="true" is_hero="false" culture="Culture.battania" occupation="Wanderer" skill_template="SkillSet.spc_wanderer_battania_6_skills">
    <face>
      <face_key_template value="BodyProperty.fighter_battania" />
    </face>
    <!--<Hero id="spc_wanderer_battania_6" faction="Kingdom.battania" />-->
    <Traits>
      <!--
      <Trait id="PeltastFightingSkills" value="3" />
      <Trait id="Trader" value="7" />
      <Trait id="RogueSkills" value="2" />
      <Trait id="ScoutSkills" value="2" /> -->
      <Trait id="Mercy" value="-1" />
      <Trait id="Honor" value="-1" />
      <Trait id="Generosity" value="-1" />
    </Traits>
    <Equipments>
      <EquipmentSet id="npc_companion_equipment_template_battania_forest" civilian="true" />
      <EquipmentSet id="npc_companion_equipment_template_battania_forest" />
    </Equipments>
  </NPCCharacter>
  <!--female, the wanderer. killed a chief's son who pestered her -->
  <NPCCharacter id="spc_wanderer_battania_7" name="{=28tWEFNi}{FIRSTNAME} the Wanderer" voice="ironic" age="21" is_female="true" default_group="Ranged" is_template="true" is_hero="false" culture="Culture.battania" occupation="Wanderer" skill_template="SkillSet.spc_wanderer_battania_7_skills">
    <face>
      <face_key_template value="BodyProperty.townswoman_battania" />
    </face>
    <!--<Hero id="spc_wanderer_battania_7" faction="Kingdom.battania" />-->
    <Traits>
      <!--
      <Trait id="HopliteFightingSkills" value="3" />
      <Trait id="ScoutSkills" value="6" /> -->
      <Trait id="Valor" value="1" />
      <Trait id="Calculating" value="1" />
      <!--<Trait id="RuralClanIsNemesis" value="1" />-->
    </Traits>
    <Equipments>
      <EquipmentSet id="npc_companion_equipment_template_battania_forest" civilian="true" />
      <EquipmentSet id="npc_companion_equipment_template_battania_forest" />
    </Equipments>
  </NPCCharacter>
  <!-- The accursed, believed to be bad luck -->
  <NPCCharacter id="spc_wanderer_battania_8" name="{=w9u2RUgm}{FIRSTNAME} the Ill-Starred" voice="curt" age="26" is_female="true" default_group="Infantry" is_template="true" is_hero="false" culture="Culture.battania" occupation="Wanderer" skill_template="SkillSet.spc_wanderer_battania_8_skills">
    <face>
      <face_key_template value="BodyProperty.townswoman_battania" />
    </face>
    <!--<Hero id="spc_wanderer_battania_8" faction="Kingdom.battania" />-->
    <Traits>
      <!--
      <Trait id="PeltastFightingSkills" value="4" />
      <Trait id="Blacksmith" value="5" /> -->
      <Trait id="Valor" value="1" />
      <Trait id="Honor" value="1" />
      <Trait id="Mercy" value="1" />
    </Traits>
    <Equipments>
      <EquipmentSet id="npc_companion_equipment_template_battania_banished" civilian="true" />
      <EquipmentSet id="npc_companion_equipment_template_battania_banished" />
    </Equipments>
  </NPCCharacter>
  <!-- 'Cowthief' - caught up in feud, raided cattle as revenge -->
  <NPCCharacter id="spc_wanderer_battania_9" name="{=KnTl4ESh}{FIRSTNAME} Cowthief" voice="ironic" age="22" is_female="false" default_group="Infantry" is_template="true" is_hero="false" culture="Culture.battania" occupation="Wanderer" skill_template="SkillSet.spc_wanderer_battania_9_skills">
    <face>
      <face_key_template value="BodyProperty.townswoman_battania" />
    </face>
    <!--<Hero id="spc_wanderer_battania_9" faction="Kingdom.battania" />-->
    <Traits>
      <!--
      <Trait id="CavalryFightingSkills" value="3" />
      <Trait id="Manager" value="6" /> -->
      <Trait id="Valor" value="1" />
      <Trait id="Generosity" value="1" />
      <Trait id="Mercy" value="-1" />
    </Traits>
    <Equipments>
      <EquipmentSet id="npc_companion_equipment_template_battania_banished" civilian="true" />
      <EquipmentSet id="npc_companion_equipment_template_battania_banished" />
    </Equipments>
  </NPCCharacter>

   <!-- Talkative philosopher of medicine. Chatty monk -->
  <NPCCharacter id="spc_wanderer_vlandia_0" name="{=XuxARPTM}{FIRSTNAME} Bitterdraught" voice="earnest" age="31" default_group="Infantry" is_template="true" is_hero="false" culture="Culture.vlandia" occupation="Wanderer" skill_template="SkillSet.spc_wanderer_vlandia_0_skills">
    <face>
      <face_key_template value="BodyProperty.fighter_vlandia" />
    </face>
    <!--<Hero id="spc_wanderer_vlandia_0" faction="Kingdom.vlandia" />-->
    <Traits>
      <!--
      <Trait id="PeltastFightingSkills" value="2" />
      <Trait id="Politician" value="8" />
      <Trait id="Manager" value="4" />
      <Trait id="Surgeon" value="6" /> -->
      <Trait id="Mercy" value="1" />
      <Trait id="Generosity" value="-1" />
    </Traits>
    <Equipments>
      <EquipmentSet id="npc_companion_equipment_template_vlandia_med" civilian="true" />
      <EquipmentSet id="spc_wanderer_vlandia_0" />
      <EquipmentSet id="npc_companion_equipment_template_vlandia_med" />
    </Equipments>
  </NPCCharacter>
  <!-- boorish noble -->
  <NPCCharacter id="spc_wanderer_vlandia_1" name="{=ntkipfCV}{FIRSTNAME} the Loud" voice="earnest" age="25" default_group="Infantry" is_template="true" is_hero="false" culture="Culture.vlandia" occupation="Wanderer" skill_template="SkillSet.spc_wanderer_vlandia_1_skills">
    <face>
      <face_key_template value="BodyProperty.fighter_vlandia" />
    </face>
    <!--<Hero id="spc_wanderer_vlandia_1" faction="Kingdom.vlandia" />-->
    <Traits>
      <!--
      <Trait id="KnightFightingSkills" value="4" />
      <Trait id="Commander" value="4" /> -->
      <Trait id="Valor" value="1" />
      <Trait id="Generosity" value="-1" />
      <Trait id="Calculating" value="-1" />
    </Traits>
    <Equipments>
      <EquipmentSet id="npc_companion_equipment_template_vlandia_loud" civilian="true" />
      <EquipmentSet id="npc_companion_equipment_template_vlandia_loud" />
    </Equipments>
  </NPCCharacter>
  <!-- bastard who went away to avoid complications for his family -->
  <NPCCharacter id="spc_wanderer_vlandia_2" name="{=7lg12a57}{FIRSTNAME} the Brave" voice="earnest" age="21" default_group="Infantry" is_template="true" is_hero="false" culture="Culture.vlandia" occupation="Wanderer" skill_template="SkillSet.spc_wanderer_vlandia_2_skills">
    <face>
      <face_key_template value="BodyProperty.fighter_vlandia" />
    </face>
    <!--<Hero id="spc_wanderer_vlandia_2" faction="Kingdom.vlandia" />-->
    <Traits>
      <!--
      <Trait id="KnightFightingSkills" value="3" />
      <Trait id="Commander" value="6" /> -->
      <Trait id="Valor" value="1" />
      <Trait id="Honor" value="1" />
    </Traits>
    <Equipments>
      <EquipmentSet id="npc_companion_equipment_template_vlandia_war" civilian="true" />
      <EquipmentSet id="npc_companion_equipment_template_vlandia_war" />
    </Equipments>
  </NPCCharacter>
  <!-- veteran. decent man haunted by looting of cities. hated being loyal to men who saved his lives who turn out to be killers -->
  <NPCCharacter id="spc_wanderer_vlandia_3" name="{=ZCc3VFat}{FIRSTNAME} the Grizzled" voice="curt" age="27" default_group="Infantry" is_template="true" is_hero="false" culture="Culture.vlandia" occupation="Wanderer" skill_template="SkillSet.spc_wanderer_vlandia_3_skills">
    <face>
      <face_key_template value="BodyProperty.fighter_vlandia" />
    </face>
    <!--<Hero id="spc_wanderer_vlandia_3" faction="Kingdom.vlandia" />-->
    <Traits>
      <!--
      <Trait id="CrossbowmanStyle" value="4" />
      <Trait id="SergeantCommandSkills" value="6" /> -->
      <Trait id="Honor" value="1" />
      <Trait id="Mercy" value="1" />
    </Traits>
    <Equipments>
      <EquipmentSet id="npc_companion_equipment_template_vlandia_war" civilian="true" />
      <EquipmentSet id="npc_companion_equipment_template_vlandia_war" />
    </Equipments>
  </NPCCharacter>
  <!--the shark, butcher/criminal -->
  <NPCCharacter id="spc_wanderer_vlandia_4" name="{=8o5SDCCJ}{FIRSTNAME} the Shark" voice="ironic" age="27" default_group="Infantry" is_template="true" is_hero="false" culture="Culture.vlandia" occupation="Wanderer" skill_template="SkillSet.spc_wanderer_vlandia_4_skills">
    <face>
      <face_key_template value="BodyProperty.fighter_vlandia" />
    </face>
    <!--<Hero id="spc_wanderer_vlandia_4" faction="Kingdom.vlandia" />-->
    <Traits>
      <!--
      <Trait id="PeltastFightingSkills" value="4" />
      <Trait id="RogueSkills" value="6" /> -->
      <Trait id="Honor" value="-1" />
      <Trait id="Generosity" value="-1" />
      <Trait id="Mercy" value="-1" />
    </Traits>
    <Equipments>
      <EquipmentSet id="npc_companion_equipment_template_vlandia_crime" civilian="true" />
      <EquipmentSet id="npc_companion_equipment_template_vlandia_crime" />
    </Equipments>
  </NPCCharacter>
  <!-- longshoreman, fled dominating guild. revenge against gang leader -->
  <NPCCharacter id="spc_wanderer_vlandia_5" name="{=WvwWX4me}{FIRSTNAME} Barrelchest" voice="softspoken" age="24" default_group="Infantry" is_template="true" is_hero="false" culture="Culture.vlandia" occupation="Wanderer" skill_template="SkillSet.spc_wanderer_vlandia_5_skills">
    <face>
      <face_key_template value="BodyProperty.fighter_vlandia" />
    </face>
    <!--<Hero id="spc_wanderer_vlandia_5" faction="Kingdom.vlandia" />-->
    <Traits>
      <!--
      <Trait id="HuscarlFightingSkills" value="3" />
      <Trait id="Manager" value="6" /> -->
      <Trait id="Honor" value="1" />
      <Trait id="Generosity" value="1" />
      <!--<Trait id="GangLeaderIsNemesis" value="1" />-->
    </Traits>
    <Equipments>
      <EquipmentSet id="npc_companion_equipment_template_vlandia_craft" civilian="true" />
      <EquipmentSet id="npc_companion_equipment_template_vlandia_craft" />
    </Equipments>
  </NPCCharacter>
  <!-- loner - father fled to avoid feud with bailiff, then disappeared in a blizzard -->
  <NPCCharacter id="spc_wanderer_vlandia_6" name="{=OArAImbM}{FIRSTNAME} of the Hills" voice="curt" age="27" default_group="Ranged" is_template="true" is_hero="false" culture="Culture.vlandia" occupation="Wanderer" skill_template="SkillSet.spc_wanderer_vlandia_6_skills">
    <face>
      <face_key_template value="BodyProperty.fighter_vlandia" />
    </face>
    <!--<Hero id="spc_wanderer_vlandia_6" faction="Kingdom.vlandia" />-->
    <Traits>
      <!--
      <Trait id="CrossbowmanStyle" value="3" />
      <Trait id="ScoutSkills" value="5" /> -->
      <Trait id="Mercy" value="1" />
      <Trait id="Valor" value="-1" />
    </Traits>
    <Equipments>
      <EquipmentSet id="npc_companion_equipment_template_vlandia_forest" civilian="true" />
      <EquipmentSet id="npc_companion_equipment_template_vlandia_forest" />
    </Equipments>
  </NPCCharacter>
  <!--female. ex brother of the woods. Like any other group of bandits. -->
  <NPCCharacter id="spc_wanderer_vlandia_7" name="{=zoaTZMm7}{FIRSTNAME} the Huntress" voice="ironic" age="26" is_female="true" default_group="Ranged" is_template="true" is_hero="false" culture="Culture.vlandia" occupation="Wanderer" skill_template="SkillSet.spc_wanderer_vlandia_7_skills">
    <face>
      <face_key_template value="BodyProperty.townswoman_vlandia" />
    </face>
    <!--<Hero id="spc_wanderer_vlandia_7" faction="Kingdom.vlandia" />-->
    <Traits>
      <!--<Trait id="IsTemplate" value="1" />-->
      <!--<Trait id="LordIsNemesis" value="1" />-->
      <!-- <Trait id="CrossbowmanStyle" value="4" /> <Trait id="ScoutSkills" value="4" /> -->
      <Trait id="Valor" value="1" />
      <Trait id="Calculating" value="1" />
    </Traits>
    <Equipments>
      <EquipmentSet id="npc_companion_equipment_template_vlandia_forest" civilian="true" />
      <EquipmentSet id="npc_companion_equipment_template_vlandia_forest" />
    </Equipments>
  </NPCCharacter>
  <!-- smith, struck dead a young knight who ran a boy down with his horse -->
  <NPCCharacter id="spc_wanderer_vlandia_8" name="{=hrMatilh}{FIRSTNAME} the Smith" voice="softspoken" age="24" default_group="Infantry" is_template="true" is_female="false" is_hero="false" culture="Culture.vlandia" occupation="Wanderer" skill_template="SkillSet.spc_wanderer_vlandia_8_skills">
    <face>
      <face_key_template value="BodyProperty.townswoman_vlandia" />
    </face>
    <!--<Hero id="spc_wanderer_vlandia_8" faction="Kingdom.vlandia" />-->
    <Traits>
      <!--<Trait id="IsTemplate" value="1" />-->
      <!--<Trait id="LordIsNemesis" value="1" />-->
      <!-- <Trait id="HuscarlFightingSkills" value="3" />
      <Trait id="Blacksmith" value="6" /> -->
      <Trait id="Generosity" value="1" />
      <Trait id="Mercy" value="1" />
      <Trait id="Calculating" value="-1" />
    </Traits>
    <Equipments>
      <EquipmentSet id="npc_companion_equipment_template_vlandia_craft" civilian="true" />
      <EquipmentSet id="npc_companion_equipment_template_vlandia_craft" />
    </Equipments>
  </NPCCharacter>
  <!-- female bandit, left the woods because life expectancy too short -->
  <NPCCharacter id="spc_wanderer_vlandia_9" name="{=7apnGFz7}{FIRSTNAME} the Black" voice="ironic" age="24" default_group="Ranged" is_template="true" is_female="true" is_hero="false" culture="Culture.vlandia" occupation="Wanderer" skill_template="SkillSet.spc_wanderer_vlandia_9_skills">
    <face>
      <face_key_template value="BodyProperty.townswoman_vlandia" />
    </face>
    <!--<Hero id="spc_wanderer_vlandia_9" faction="Kingdom.vlandia" />-->
    <Traits>
      <!--<Trait id="IsTemplate" value="1" />-->
      <!-- <Trait id="ArcherFIghtingSkills" value="4" />
      <Trait id="RogueSkills" value="5" />
      <Trait id="ScoutSkills" value="3" /> -->
      <Trait id="Valor" value="1" />
      <Trait id="Generosity" value="1" />
      <Trait id="Mercy" value="-1" />
    </Traits>
    <Equipments>
      <EquipmentSet id="npc_companion_equipment_template_vlandia_forest" civilian="true" />
      <EquipmentSet id="npc_companion_equipment_template_vlandia_forest" />
    </Equipments>
  </NPCCharacter>
  <!--female engineer, father emigrant to empire, killed in riots -->
  <NPCCharacter id="spc_wanderer_vlandia_10" name="{=6CAbkgS4}{FIRSTNAME} the Wainwright" voice="ironic" age="26" default_group="Infantry" is_template="true" is_female="true" is_hero="false" culture="Culture.vlandia" occupation="Wanderer" skill_template="SkillSet.spc_wanderer_vlandia_10_skills">
    <face>
      <face_key_template value="BodyProperty.townswoman_vlandia" />
    </face>
    <!--<Hero id="spc_wanderer_vlandia_10" faction="Kingdom.vlandia" />-->
    <Traits>
      <!--<Trait id="IsTemplate" value="1" />-->
      <!-- <Trait id="ArcherFIghtingSkills" value="2" />
      <Trait id="EngineerSkills" value="5" /> -->
      <Trait id="Calculating" value="1" />
      <Trait id="Generosity" value="1" />
      <Trait id="Mercy" value="-1" />
    </Traits>
    <Equipments>
      <EquipmentSet id="npc_companion_equipment_template_vlandia_craft" civilian="true" />
      <EquipmentSet id="npc_companion_equipment_template_vlandia_craft" />
    </Equipments>
  </NPCCharacter>
  <!--free company -->
  <NPCCharacter id="spc_wanderer_vlandia_11" name="{=nDtjEazo}{FIRSTNAME} Bellowsbreath" voice="earnest" default_group="Ranged" is_template="true" is_hero="false" culture="Culture.vlandia" occupation="Wanderer" skill_template="SkillSet.spc_wanderer_vlandia_11_skills">
    <face>
      <face_key_template value="BodyProperty.fighter_vlandia" />
    </face>
    <!--<Hero id="spc_wanderer_vlandia_11" faction="Faction.company_of_the_boar" clan="Clan.company_of_the_boar" />-->
    <Traits>
      <!--<Trait id="IsTemplate" value="1" />-->
      <!--
      <Trait id="CrossbowmanStyle" value="6" />
      <Trait id="Blacksmith" value="4" /> -->
      <Trait id="Honor" value="-1" />
      <Trait id="Calculating" value="1" />
    </Traits>
    <Equipments>
      <EquipmentSet id="npc_companion_equipment_template_vlandia_forest" civilian="true" />
      <EquipmentSet id="npc_companion_equipment_template_vlandia_forest" />
    </Equipments>
  </NPCCharacter>
  <!-- Gamekeeper -->
  <NPCCharacter id="spc_wanderer_vlandia_12" name="{=N4taBJyx}{FIRSTNAME} the Tracker" voice="softspoken" default_group="Ranged" is_template="true" is_hero="false" culture="Culture.vlandia" occupation="Wanderer" skill_template="SkillSet.spc_wanderer_vlandia_12_skills">
    <face>
      <face_key_template value="BodyProperty.fighter_vlandia" />
    </face>
    <Traits>
      <!--
      <Trait id="BalancedFightingSkills" value="5" />
      <Trait id="ScoutSkills" value="6" /> -->
      <Trait id="Mercy" value="1" />
    </Traits>
    <Equipments>
      <EquipmentSet id="npc_companion_equipment_template_vlandia_forest" civilian="true" />
      <EquipmentSet id="npc_companion_equipment_template_vlandia_forest" />
    </Equipments>
  </NPCCharacter>

   <NPCCharacter id="spc_wanderer_aserai_0" name="{=bvjFhiDr}{FIRSTNAME} the Scholar" voice="ironic" age="26" default_group="Infantry" is_template="true" is_hero="false" culture="Culture.aserai" occupation="Wanderer" skill_template="SkillSet.spc_wanderer_aserai_0_skills">
    <face>
      <face_key_template value="BodyProperty.fighter_aserai" />
    </face>
    <!--<Hero id="spc_wanderer_aserai_0" faction="Kingdom.aserai" />-->
    <Traits>
      <!--
      <Trait id="PeltastFightingSkills" value="3" />
      <Trait id="Surgeon" value="5" /> -->
      <Trait id="Mercy" value="1" />
      <Trait id="Generosity" value="-1" />
    </Traits>
    <Equipments>
      <EquipmentSet id="npc_companion_equipment_template_aserai_civ" civilian="true" />
      <EquipmentSet id="npc_companion_equipment_template_aserai_civ" />
    </Equipments>
  </NPCCharacter>
  <!--Obsessed with own genealogy -->
  <NPCCharacter id="spc_wanderer_aserai_1" name="{=vtXRptVa}{FIRSTNAME} the Golden" voice="earnest" age="23" default_group="Infantry" is_template="true" is_hero="false" culture="Culture.aserai" occupation="Wanderer" skill_template="SkillSet.spc_wanderer_aserai_1_skills">
    <face>
      <face_key_template value="BodyProperty.fighter_aserai" />
    </face>
    <!--<Hero id="spc_wanderer_aserai_1" faction="Kingdom.aserai" />-->
    <Traits>
      <!--
      <Trait id="CavalryFightingSkills" value="6" />
      <Trait id="Commander" value="5" /> -->
      <Trait id="Generosity" value="-1" />
      <Trait id="Calculating" value="-1" />
    </Traits>
    <Equipments>
      <EquipmentSet id="npc_companion_equipment_template_aserai_war" civilian="true" />
      <EquipmentSet id="npc_companion_equipment_template_aserai_war" />
    </Equipments>
  </NPCCharacter>
  <!--The falcon, chivalrous, but thinks great clans hog the glory -->
  <NPCCharacter id="spc_wanderer_aserai_2" name="{=TyxXbqVw}{FIRSTNAME} the Falcon" voice="ironic" age="25" default_group="Infantry" is_template="true" is_hero="false" culture="Culture.aserai" occupation="Wanderer" skill_template="SkillSet.spc_wanderer_aserai_2_skills">
    <face>
      <face_key_template value="BodyProperty.fighter_aserai" />
    </face>
    <!--<Hero id="spc_wanderer_aserai_2" faction="Kingdom.aserai" />-->
    <Traits>
      <!--
      <Trait id="CavalryFightingSkills" value="4" />
      <Trait id="Commander" value="5" /> -->
      <Trait id="Valor" value="1" />
      <Trait id="Generosity" value="1" />
    </Traits>
    <Equipments>
      <EquipmentSet id="npc_companion_equipment_template_aserai_war" civilian="true" />
      <EquipmentSet id="npc_companion_equipment_template_aserai_war" />
    </Equipments>
  </NPCCharacter>
  <!--professional, fighter and killer. often provoked enemies. fell out with lord over a slave woman that he sold -->
  <NPCCharacter id="spc_wanderer_aserai_3" name="{=4GIoPUen}{FIRSTNAME} the Swordsman" voice="softspoken" age="33" default_group="Infantry" is_template="true" is_hero="false" culture="Culture.aserai" occupation="Wanderer" skill_template="SkillSet.spc_wanderer_aserai_3_skills">
    <face>
      <face_key_template value="BodyProperty.fighter_aserai" />
    </face>
    <!--<Hero id="spc_wanderer_aserai_3" faction="Kingdom.aserai" />-->
    <Traits>
      <!--<Trait id="LordIsNemesis" value="1" />-->
      <!--
      <Trait id="HuscarlFightingSkills" value="5" /> -->
      <Trait id="Valor" value="1" />
      <Trait id="Honor" value="1" />
      <Trait id="Mercy" value="-1" />
    </Traits>
    <Equipments>
      <EquipmentSet id="npc_companion_equipment_template_aserai_war" civilian="true" />
      <EquipmentSet id="npc_companion_equipment_template_aserai_war" />
    </Equipments>
  </NPCCharacter>
  <!-- "The Prince", fitiwi whom a guard captain tried to corrupt -->
  <NPCCharacter id="spc_wanderer_aserai_4" name="{=rgdi5Sxa}{FIRSTNAME} the Prince" voice="ironic" age="25" default_group="Infantry" is_template="true" is_hero="false" culture="Culture.aserai" occupation="Wanderer" skill_template="SkillSet.spc_wanderer_aserai_4_skills">
    <face>
      <face_key_template value="BodyProperty.fighter_aserai" />
    </face>
    <!--<Hero id="spc_wanderer_aserai_4" faction="Kingdom.aserai" />-->
    <Traits>
      <!--
      <Trait id="PeltastFightingSkills" value="4" />
      <Trait id="RogueSkills" value="7" /> -->
      <Trait id="Honor" value="-1" />
      <Trait id="Mercy" value="1" />
      <Trait id="Generosity" value="1" />
    </Traits>
    <Equipments>
      <EquipmentSet id="npc_companion_equipment_template_aserai_crime" civilian="true" />
      <EquipmentSet id="npc_companion_equipment_template_aserai_crime" />
    </Equipments>
  </NPCCharacter>
  <!-- "The Hyena" (contemptuous killer) -->
  <NPCCharacter id="spc_wanderer_aserai_5" name="{=OFWvD0xe}{FIRSTNAME} the Hyena" voice="curt" age="27" default_group="Infantry" is_template="true" is_hero="false" culture="Culture.aserai" occupation="Wanderer" skill_template="SkillSet.spc_wanderer_aserai_5_skills">
    <face>
      <face_key_template value="BodyProperty.fighter_aserai" />
    </face>
    <!--<Hero id="spc_wanderer_aserai_5" faction="Kingdom.aserai" />-->
    <Traits>
      <!--
      <Trait id="HopliteFightingSkills" value="5" />
      <Trait id="RogueSkills" value="5" /> -->
      <Trait id="Mercy" value="-1" />
      <Trait id="Honor" value="-1" />
      <Trait id="Generosity" value="-1" />
    </Traits>
    <Equipments>
      <EquipmentSet id="npc_companion_equipment_template_aserai_crime" civilian="true" />
      <EquipmentSet id="npc_companion_equipment_template_aserai_crime" />
    </Equipments>
  </NPCCharacter>
  <!--of the Wastes - 'the searing gravel plain knows me' -->
  <NPCCharacter id="spc_wanderer_aserai_6" name="{=muC2SGlM}{FIRSTNAME} of the Wastes" voice="curt" age="31" default_group="Ranged" is_template="true" is_hero="false" culture="Culture.aserai" occupation="Wanderer" skill_template="SkillSet.spc_wanderer_aserai_6_skills">
    <face>
      <face_key_template value="BodyProperty.fighter_aserai" />
    </face>
    <!--<Hero id="spc_wanderer_aserai_6" faction="Kingdom.aserai" />-->
    <Traits>
      <!--
      <Trait id="ArcherFIghtingSkills" value="5" />
      <Trait id="ScoutSkills" value="7" /> -->
      <Trait id="Honor" value="-1" />
      <Trait id="Generosity" value="-1" />
    </Traits>
    <Equipments>
      <EquipmentSet id="npc_companion_equipment_template_aserai_waste" civilian="true" />
      <EquipmentSet id="npc_companion_equipment_template_aserai_waste" />
    </Equipments>
  </NPCCharacter>
  <!-- female member of clan that lost power -->
  <NPCCharacter id="spc_wanderer_aserai_7" name="{=28tWEFNi}{FIRSTNAME} the Wanderer" voice="curt" age="25" is_female="true" default_group="Infantry" is_template="true" is_hero="false" culture="Culture.aserai" occupation="Wanderer" skill_template="SkillSet.spc_wanderer_aserai_7_skills">
    <face>
      <face_key_template value="BodyProperty.townswoman_aserai" />
    </face>
    <!--<Hero id="spc_wanderer_aserai_7" faction="Kingdom.aserai" />-->
    <Traits>
      <!--
      <Trait id="CavalryFightingSkills" value="4" />
      <Trait id="Commander" value="5" />
      <Trait id="ScoutSkills" value="3" /> -->
      <Trait id="Valor" value="1" />
      <Trait id="Calculating" value="1" />
    </Traits>
    <Equipments>
      <EquipmentSet id="npc_companion_equipment_template_aserai_war" civilian="true" />
      <EquipmentSet id="npc_companion_equipment_template_aserai_war" />
    </Equipments>
  </NPCCharacter>
  <!--unlucky merchant -->
  <NPCCharacter id="spc_wanderer_aserai_8" name="{=XBJtv4mD}{FIRSTNAME} the Spicevendor" voice="softspoken" age="28" is_female="true" default_group="Infantry" is_template="true" is_hero="false" culture="Culture.aserai" occupation="Wanderer" skill_template="SkillSet.spc_wanderer_aserai_8_skills">
    <face>
      <face_key_template value="BodyProperty.townswoman_aserai" />
    </face>
    <!--<Hero id="spc_wanderer_aserai_8" faction="Kingdom.aserai" />-->
    <Traits>
      <!--
      <Trait id="CrossbowmanStyle" value="4" />
      <Trait id="Trader" value="10" />
      <Trait id="Manager" value="4" /> -->
      <Trait id="Honor" value="1" />
      <Trait id="Mercy" value="1" />
    </Traits>
    <Equipments>
      <EquipmentSet id="npc_companion_equipment_template_aserai_civ" civilian="true" />
      <EquipmentSet id="npc_companion_equipment_template_aserai_civ" />
    </Equipments>
  </NPCCharacter>
  <!-- female alley urchin -->
  <NPCCharacter id="spc_wanderer_aserai_9" name="{=NWuGUi4p}{FIRSTNAME} the Leopardess" voice="ironic" age="22" is_female="true" default_group="Infantry" is_template="true" is_hero="false" culture="Culture.aserai" occupation="Wanderer" skill_template="SkillSet.spc_wanderer_aserai_9_skills">
    <face>
      <face_key_template value="BodyProperty.townswoman_aserai" />
    </face>
    <!--<Hero id="spc_wanderer_aserai_9" faction="Kingdom.aserai" />-->
    <Traits>
      <!--
      <Trait id="PeltastFightingSkills" value="3" />
      <Trait id="RogueSkills" value="5" /> -->
      <Trait id="Valor" value="1" />
      <Trait id="Generosity" value="1" />
    </Traits>
    <Equipments>
      <EquipmentSet id="npc_companion_equipment_template_aserai_crime" civilian="true" />
      <EquipmentSet id="npc_companion_equipment_template_aserai_crime" />
    </Equipments>
  </NPCCharacter>
  <NPCCharacter id="spc_wanderer_aserai_10" name="{=ACqta1a5}{FIRSTNAME} the Engineer" voice="ironic" age="26" default_group="Infantry" is_template="true" is_hero="false" culture="Culture.aserai" occupation="Wanderer" skill_template="SkillSet.spc_wanderer_aserai_10_skills">
    <face>
      <face_key_template value="BodyProperty.villager_aserai" />
    </face>
    <Traits>
      <!--
      <Trait id="CrossbowmanStyle" value="3" />
      <Trait id="EngineerSkills" value="6" /> -->
      <Trait id="Valor" value="1" />
      <Trait id="Honor" value="1" />
      <Trait id="Calculating" value="-1" />
    </Traits>
    <Equipments>
      <EquipmentSet id="npc_companion_equipment_template_aserai_civ" civilian="true" />
      <EquipmentSet id="npc_companion_equipment_template_aserai_civ" />
    </Equipments>
  </NPCCharacter>

  <NPCCharacter id="spc_wanderer_khuzait_0" name="{=sdzaip5J}{FIRSTNAME} the Knowing" voice="softspoken" age="29" default_group="Infantry" is_template="true" is_hero="false" culture="Culture.khuzait" occupation="Wanderer" skill_template="SkillSet.spc_wanderer_khuzait_0_skills">
    <face>
      <face_key_template value="BodyProperty.fighter_khuzait" />
    </face>
    <Traits>
      <!--
      <Trait id="CrossbowmanStyle" value="2" />
      <Trait id="EngineerSkills" value="7" /> -->
      <Trait id="Generosity" value="-1" />
      <Trait id="Mercy" value="1" />
    </Traits>
    <Equipments>
      <EquipmentSet id="npc_companion_equipment_template_khuzait_civ" civilian="true" />
      <EquipmentSet id="npc_companion_equipment_template_khuzait_civ" />
    </Equipments>
  </NPCCharacter>
  <!-- the hawk, curt voice. Rural clan nemesis. Easily insulted, killed a man's brother over a girl -->
  <NPCCharacter id="spc_wanderer_khuzait_1" name="{=j2nVPqIX}{FIRSTNAME} the Hawk" voice="curt" age="27" default_group="HorseArcher" is_template="true" is_hero="false" culture="Culture.khuzait" occupation="Wanderer" skill_template="SkillSet.spc_wanderer_khuzait_1_skills">
    <face>
      <face_key_template value="BodyProperty.fighter_khuzait" />
    </face>
    <Traits>
      <!-- <Trait id="HorseArcherFightingSkills" value="4" /> -->
      <Trait id="Valor" value="1" />
      <Trait id="Honor" value="-1" />
      <Trait id="Calculating" value="-1" />
      <!--<Trait id="RuralClanIsNemesis" value="1" />-->
    </Traits>
    <Equipments>
      <EquipmentSet id="npc_companion_equipment_template_khuzait_nomad" civilian="true" />
      <EquipmentSet id="npc_companion_equipment_template_khuzait_nomad" />
    </Equipments>
  </NPCCharacter>
  <!-- the fatherless, backed out of a family feud -->
  <NPCCharacter id="spc_wanderer_khuzait_2" name="{=agS5lIg7}{FIRSTNAME} the Fatherless" voice="earnest" age="22" default_group="HorseArcher" is_template="true" is_hero="false" culture="Culture.khuzait" occupation="Wanderer" skill_template="SkillSet.spc_wanderer_khuzait_2_skills">
    <face>
      <face_key_template value="BodyProperty.fighter_khuzait" />
    </face>
    <skills></skills>
    <Traits>
      <!--
      <Trait id="HorseArcherFightingSkills" value="3" />
      <Trait id="Politician" value="8" />
      <Trait id="Manager" value="6" /> -->
      <Trait id="Valor" value="1" />
      <Trait id="Mercy" value="1" />
      <Trait id="Generosity" value="1" />
      <Trait id="Calculating" value="1" />
    </Traits>
    <Equipments>
      <EquipmentSet id="npc_companion_equipment_template_khuzait_nomad" civilian="true" />
      <EquipmentSet id="npc_companion_equipment_template_khuzait_nomad" />
    </Equipments>
  </NPCCharacter>
  <!-- ironeye, professional soldier. infantryman -->
  <NPCCharacter id="spc_wanderer_khuzait_3" name="{=QWbgE4bw}{FIRSTNAME} Ironeye" voice="curt" age="32" default_group="Infantry" is_hero="false" is_template="true" culture="Culture.khuzait" occupation="Wanderer" skill_template="SkillSet.spc_wanderer_khuzait_3_skills">
    <face>
      <face_key_template value="BodyProperty.fighter_khuzait" />
    </face>
    <skills></skills>
    <Traits>
      <!--
      <Trait id="HopliteFightingSkills" value="5" />
      <Trait id="SergeantCommandSkills" value="5" /> -->
      <Trait id="Valor" value="1" />
      <Trait id="Honor" value="1" />
      <Trait id="Mercy" value="-1" />
    </Traits>
    <Equipments>
      <EquipmentSet id="npc_companion_equipment_template_khuzait_inf" civilian="true" />
      <EquipmentSet id="npc_companion_equipment_template_khuzait_inf" />
    </Equipments>
  </NPCCharacter>
  <!--the proud, turned on protectors. lord as nemesis -->
  <NPCCharacter id="spc_wanderer_khuzait_4" name="{=ykTARD4b}{FIRSTNAME} the Outcast" voice="ironic" age="22" default_group="HorseArcher" is_hero="false" is_template="true" culture="Culture.khuzait" occupation="Wanderer" skill_template="SkillSet.spc_wanderer_khuzait_4_skills">
    <face>
      <face_key_template value="BodyProperty.fighter_khuzait" />
    </face>
    <Traits>
      <!--
      <Trait id="HorseArcherFightingSkills" value="3" />
      <Trait id="Commander" value="6" /> -->
      <Trait id="Honor" value="-1" />
      <Trait id="Generosity" value="1" />
    </Traits>
    <Equipments>
      <EquipmentSet id="npc_companion_equipment_template_khuzait_nomad" civilian="true" />
      <EquipmentSet id="npc_companion_equipment_template_khuzait_nomad" />
    </Equipments>
  </NPCCharacter>
  <!-- 'the mad' soft voice, sinister? Pickpocket. Have gang leader as nemesis? -->
  <NPCCharacter id="spc_wanderer_khuzait_5" name="{=q5QjQyde}{FIRSTNAME} the Mad" voice="softspoken" age="21" default_group="Infantry" is_template="true" is_hero="false" culture="Culture.khuzait" occupation="Wanderer" skill_template="SkillSet.spc_wanderer_khuzait_5_skills">
    <face>
      <face_key_template value="BodyProperty.fighter_khuzait" />
    </face>
    <Traits>
      <!--<Trait id="GangLeaderIsNemesis" value="1" />-->
      <!--
      <Trait id="PeltastFightingSkills" value="3" />
      <Trait id="RogueSkills" value="6" />-->
      <Trait id="Calculating" value="1" />
      <Trait id="Honor" value="-1" />
    </Traits>
    <Equipments>
      <EquipmentSet id="npc_companion_equipment_template_khuzait_civ" civilian="true" />
      <EquipmentSet id="npc_companion_equipment_template_khuzait_civ" />
    </Equipments>
  </NPCCharacter>
  <!--the grey falcon, lone survivor of a hunted steppe clan -->
  <NPCCharacter id="spc_wanderer_khuzait_6" name="{=seS9ZZUW}{FIRSTNAME} the Grey Falcon" voice="curt" age="20" default_group="Infantry" is_template="true" is_hero="false" culture="Culture.khuzait" occupation="Wanderer" skill_template="SkillSet.spc_wanderer_khuzait_6_skills">
    <face>
      <face_key_template value="BodyProperty.fighter_khuzait" />
    </face>
    <skills></skills>
    <Traits>
      <!-- <Trait id="HorseArcherFightingSkills" value="3" />
      <Trait id="ScoutSkills" value="5" />
      <Trait id="Commander" value="3" /> -->
      <Trait id="Honor" value="1" />
      <Trait id="Generosity" value="-1" />
    </Traits>
    <Equipments>
      <EquipmentSet id="npc_companion_equipment_template_khuzait_inf" civilian="true" />
      <EquipmentSet id="npc_companion_equipment_template_khuzait_inf" />
    </Equipments>
  </NPCCharacter>
  <!--the she-wolf - taken by empire, slave in arena. CHANGED TO AT-START-->
  <NPCCharacter id="spc_wanderer_khuzait_7" name="{=3wzexaA7}{FIRSTNAME} the She-Wolf" voice="curt" age="28" is_female="true" default_group="Infantry" is_template="true" is_hero="false" culture="Culture.khuzait" occupation="Wanderer" skill_template="SkillSet.spc_wanderer_khuzait_7_skills">
    <face>
      <face_key_template value="BodyProperty.townswoman_khuzait" />
    </face>
    <skills></skills>
    <Traits>
      <!--
      <Trait id="HuscarlFightingSkills" value="5" />
      <Trait id="SergeantCommandSkills" value="4" /> -->
      <Trait id="Valor" value="1" />
      <Trait id="Honor" value="-1" />
      <Trait id="Calculating" value="1" />
    </Traits>
    <Equipments>
      <EquipmentSet id="npc_companion_equipment_template_khuzait_inf" civilian="true" />
      <EquipmentSet id="npc_companion_equipment_template_khuzait_inf" />
    </Equipments>
  </NPCCharacter>
  <!-- lone daughter of mother -->
  <NPCCharacter id="spc_wanderer_khuzait_8" name="{=OIXub6bS}{FIRSTNAME} the Alone" voice="curt" age="29" is_female="true" default_group="HorseArcher" is_template="true" is_hero="false" culture="Culture.khuzait" occupation="Wanderer">
    <face>
      <face_key_template value="BodyProperty.townswoman_khuzait" />
    </face>
    <skills>
    <skill id="Athletics"
           value="45" />
    <skill id="Riding"
           value="70" />
    <skill id="OneHanded"
           value="35" />
    <skill id="TwoHanded"
           value="5" />
    <skill id="Polearm"
           value="10" />
    <skill id="Bow"
           value="75" />
    <skill id="Crossbow"
           value="5" />
    <skill id="Throwing"
           value="10" />
    <skill id="Tactics"
           value="20" />
    <skill id="Scouting"
           value="75" />
    </skills>
    <Traits>
      <!--
      <Trait id="ArcherFIghtingSkills" value="3" />
      <Trait id="ScoutSkills" value="5" /> -->
      <Trait id="Valor" value="1" />
      <Trait id="Honor" value="1" />
      <Trait id="Mercy" value="-1" />
    </Traits>
    <Equipments>
      <EquipmentSet id="npc_companion_equipment_template_khuzait_nomad" civilian="true" />
      <EquipmentSet id="npc_companion_equipment_template_khuzait_nomad" />
    </Equipments>
  </NPCCharacter>
  <!-- tomboy daughter of caravan guard -->
  <NPCCharacter id="spc_wanderer_khuzait_9" name="{=KY2zbWkj}{FIRSTNAME} the Swift" voice="ironic" age="21" is_female="true" is_hero="false" default_group="HorseArcher" is_template="true" culture="Culture.khuzait" occupation="Wanderer" skill_template="SkillSet.spc_wanderer_khuzait_9_skills">
    <face>
      <face_key_template value="BodyProperty.townswoman_khuzait" />
    </face>
    <skills></skills>
    <Traits>
      <!--
      <Trait id="ArcherFIghtingSkills" value="3" />
      <Trait id="RogueSkills" value="4" />
      <Trait id="Trader" value="8" /> -->
      <Trait id="Valor" value="1" />
      <Trait id="Generosity" value="1" />
      <Trait id="Mercy" value="1" />
    </Traits>
    <Equipments>
      <EquipmentSet id="npc_companion_equipment_template_khuzait_nomad" civilian="true" />
      <EquipmentSet id="npc_companion_equipment_template_khuzait_nomad" />
    </Equipments>
  </NPCCharacter>
  <!-- former 'horsethief' -->
  <NPCCharacter id="spc_wanderer_khuzait_10" name="{=CQOlMayc}{FIRSTNAME} the Ragged" voice="earnest" default_group="Infantry" is_template="true" is_hero="false" culture="Culture.khuzait" occupation="Wanderer" skill_template="SkillSet.spc_wanderer_khuzait_10_skills">
    <face>
      <face_key_template value="BodyProperty.fighter_khuzait" />
    </face>
    <skills></skills>
    <Traits>
      <!--
      <Trait id="HopliteFightingSkills" value="4" />
      <Trait id="Trader" value="5" />
      <Trait id="Blacksmith" value="3" /> -->
      <Trait id="Valor" value="1" />
      <Trait id="Honor" value="-1" />
      <Trait id="Calculating" value="-1" />
    </Traits>
    <Equipments>
      <EquipmentRoster>
        <equipment slot="Item0" id="Item.khuzait_sword_1_t2" />
        <equipment slot="Head" id="Item.decorated_nomad_cap" />
        <equipment slot="Body" id="Item.ragged_robes" />
        <equipment slot="Leg" id="Item.ragged_boots" />
      </EquipmentRoster>
      <EquipmentSet id="npc_companion_equipment_template_khuzait_nomad" civilian="true" />
    </Equipments>
  </NPCCharacter>

</NPCCharacters>