<Module>
    <Name value="RestoreLordTroops"/>
    <Id value="RestoreLordTroops"/>
    <Version value="v1.0.7"/>
    <SingleplayerModule value="true"/>
    <MultiplayerModule value="false"/>
    <DependedModules>
        <DependedModule Id="Native"/>
        <DependedModule Id="SandBoxCore"/>
        <DependedModule Id="Sandbox"/>
        <DependedModule Id="CustomBattle"/>
        <DependedModule Id="StoryMode" />
        <DependedModule Id="Bannerlord.Harmony" />
        <DependedModule Id="Bannerlord.MBOptionScreen" />
    </DependedModules>
    <SubModules>
        <SubModule>
            <Name value="RestoreLordTroops"/>
            <DLLName value="RestoreLordTroops.dll"/>
            <SubModuleClassType value="RestoreLordTroops.MySubModule"/>
            <Tags>
                <Tag key="DedicatedServerType" value="none"/>
            </Tags>
        </SubModule>
    </SubModules>
    <Xmls/>
</Module>