<Prefab>
    <Constants>
        <Constant Name="Stable.Management.Slot.Width" BrushLayer="Default" BrushName="Stable.Management.Slot" BrushValueType="Width"/>
        <Constant Name="Stable.Management.Slot.Height" BrushLayer="Default" BrushName="Stable.Management.Slot" BrushValueType="Height"/>
        <Constant Name="Stable.Item.Tuple.Width" BrushLayer="Default" BrushName="Stable.Item.Tuple" BrushValueType="Width"/>
        <Constant Name="Stable.Item.Tuple.Height" BrushLayer="Default" BrushName="Stable.Item.Tuple" BrushValueType="Height"/>
    </Constants>
    <Window>
        <ButtonWidget DoNotPassEventsToChildren="true" WidthSizePolicy="StretchToParent" HeightSizePolicy="StretchToParent" Command.Click="OnItemSelect">
            <Children>
                <ListPanel WidthSizePolicy="StretchToParent" HeightSizePolicy="StretchToParent" ExtendTop="21" ExtendRight="13" ExtendBottom="20" RenderLate="true">
                    <Children>
                        <ImageIdentifierWidget DoNotAcceptEvents="true" DataSource="{ImageIdentifier}" WidthSizePolicy="Fixed" HeightSizePolicy="Fixed" SuggestedWidth="100" SuggestedHeight="50" ImageId="@Id" ImageTypeCode="@ImageTypeCode" AdditionalArgs="@AdditionalArgs" LoadingIconWidget="LoadingIconWidget">
                            <Children>
                                <Widget DoNotAcceptEvents="true" WidthSizePolicy="StretchToParent" HeightSizePolicy="StretchToParent" Sprite="Inventory\tuple_shadow" AlphaFactor="0.7"/>
                                <Standard.CircleLoadingWidget HorizontalAlignment="Center" VerticalAlignment="Center" Id="LoadingIconWidget"/>
                            </Children>
                        </ImageIdentifierWidget> 
                        <TextWidget HeightSizePolicy ="StretchToParent" WidthSizePolicy="StretchToParent" Brush="Inventory.Tuple.Name.Text" Brush.TextHorizontalAlignment="Center" Text="@NameOfItem" MarginLeft="10" />
                        <RichTextWidget HeightSizePolicy ="StretchToParent" WidthSizePolicy="StretchToParent" Brush="Inventory.Tuple.Name.Text" Brush.TextHorizontalAlignment="Right" MarginRight="55" Text="@TotalCost" />
                    </Children>
                </ListPanel>
            </Children>
        </ButtonWidget>
    </Window>
</Prefab>