<Prefab>
  <Constants>
  </Constants>
  <Variables>
  </Variables>
  <VisualDefinitions>
    <VisualDefinition Name="SelectionPanel" EaseIn="true" TransitionDuration="0.45">
      <VisualState PositionYOffset="0" State="Default" />
    </VisualDefinition>
    <VisualDefinition Name="RightPanel" EaseIn="true" TransitionDuration="0.45">
      <VisualState PositionXOffset="0" State="Default" />
    </VisualDefinition>
    <VisualDefinition Name="BottomMenu" EaseIn="true" TransitionDuration="0.45">
      <VisualState PositionYOffset="6" State="Default" />
    </VisualDefinition>
  </VisualDefinitions>
  <Window>
    <ArmorCraftingScreenWidget WidthSizePolicy="StretchToParent" HeightSizePolicy="StretchToParent">
      <Children>

        <!-- Horsie -->
        <Widget IsVisible="@ShowPlayerTableu" WidthSizePolicy="StretchToParent" HeightSizePolicy="StretchToParent" MarginLeft="5" PositionYOffset="-400">
          <Children>
            <HorseTableauWidget DataSource="{MainCharacter}" WidthSizePolicy="Fixed" HeightSizePolicy="Fixed" SuggestedHeight="1700" SuggestedWidth="1200" BannerCodeText="@BannerCodeText" CharStringId="@CharStringId" EquipmentCode="@EquipmentCode" BodyProperties="@BodyProperties" IsFemale="@IsFemale" MountCreationKey="@MountCreationKey" StanceIndex="@StanceIndex" ArmorColor1="@ArmorColor1" ArmorColor2="@ArmorColor2" Race="@Race" IsEquipmentAnimActive="true" IsBannerShownInBackground="false" DoNotUseCustomScale="false" SwapPlacesButtonWidget="SwapPlacesButtonWidget">
              <Children>
                <NavigationScopeTargeter ScopeID="SwapPlacesButtonScope" ScopeParent="..\SwapPlacesButtonWidget" ExtendDiscoveryAreaTop="135" ExtendDiscoveryAreaBottom="70" />
                <ButtonWidget Id="SwapPlacesButtonWidget" WidthSizePolicy="Fixed" HeightSizePolicy="Fixed" SuggestedWidth="50" SuggestedHeight="50" Brush="Inventory.SwapMountCharacter.Button" IsVisible="false" HorizontalAlignment="Center" VerticalAlignment="Bottom" MarginBottom="200" GamepadNavigationIndex="0"/>
              </Children>
            </HorseTableauWidget>
          </Children>
        </Widget>

        <Widget WidthSizePolicy="Fixed" HeightSizePolicy="Fixed" SuggestedWidth="887" SuggestedHeight="150" HorizontalAlignment="Center" VerticalAlignment="Top" Sprite="StdAssets\tabbar_long">
          <Children>
            <!--Mount Name Container-->
            <Widget WidthSizePolicy="CoverChildren" HeightSizePolicy="CoverChildren" HorizontalAlignment="Center" VerticalAlignment="Top" MarginTop="10">
              <Children>
                <ButtonWidget DoNotPassEventsToChildren="true" WidthSizePolicy="Fixed" HeightSizePolicy="Fixed" SuggestedWidth="440" SuggestedHeight="47" Brush="Kingdom.Name.Edit.Button" Command.Click="ExecuteChangeName" IsEnabled="@AllowNameChange" UpdateChildrenStates="true" GamepadNavigationIndex="2">
                  <Children>
                    <!--Mount Name-->
                    <ListPanel WidthSizePolicy="CoverChildren" HeightSizePolicy="StretchToParent" StackLayout.LayoutMethod="HorizontalLeftToRight" HorizontalAlignment="Center" UpdateChildrenStates="true">
                      <Children>
                        <TextWidget WidthSizePolicy="CoverChildren" HeightSizePolicy="StretchToParent" Brush="Kingdom.NameTitle.Text" Text="@CurrentName"/>
                        <BrushWidget WidthSizePolicy="Fixed" HeightSizePolicy="Fixed" SuggestedWidth="29" SuggestedHeight="37" HorizontalAlignment="Right" VerticalAlignment="Center" MarginLeft="10" IsEnabled="false" Brush="Kingdom.Name.Edit.Icon" />
                      </Children>
                    </ListPanel>
                  </Children>
                </ButtonWidget>
                <HintWidget DataSource="{ChangeClanNameHint}" Command.HoverBegin="ExecuteBeginHint" Command.HoverEnd="ExecuteEndHint" />
              </Children>
            </Widget>
          </Children>
        </Widget>

        <!-- Information pnel -->
        <BrushListPanel VisualDefinition="RightPanel" PositionXOffset="500" HeightSizePolicy="Fixed" SuggestedHeight="500" WidthSizePolicy="Fixed" SuggestedWidth="550" Sprite="BlankWhiteSquare_9" MarginTop="15" MarginRight="15" MarginBottom="40" Color="#000000FF" HorizontalAlignment="Right" VerticalAlignment="Top" Brush="Frame1Brush" StackLayout.LayoutMethod="VerticalBottomToTop">
          <Children>
            <ListPanel WidthSizePolicy="StretchToParent" HeightSizePolicy="StretchToParent" MarginTop="5" MarginLeft="5" MarginBottom="5" MarginRight="5" StackLayout.LayoutMethod="HorizontalLeftToRight">
              <Children>
                <!--Left Panel-->
                <Widget WidthSizePolicy="StretchToParent" HeightSizePolicy="StretchToParent">
                  <Children>
                    <Widget WidthSizePolicy="StretchToParent" HeightSizePolicy="StretchToParent" Sprite="StdAssets\Popup\canvas_gradient"/>
                    <!--Info Title Text-->
                    <TextWidget WidthSizePolicy="StretchToParent" HeightSizePolicy="CoverChildren" Brush="Crafting.Popup.Title.Text" MarginTop="30" Text="@StatisticsLabel" />
                    <Widget WidthSizePolicy="StretchToParent" HeightSizePolicy="Fixed" SuggestedHeight="25" MarginTop="70" Sprite="SPGeneral\SPRecruitment\divider_horizontal"/>
                    <ListPanel WidthSizePolicy="StretchToParent" HeightSizePolicy="CoverChildren" StackLayout.LayoutMethod="VerticalBottomToTop" VerticalAlignment="Top" MarginRight="25" MarginLeft="25" MarginTop="130">
                      <Children>
                        <!--Stats List-->
                        <ListPanel WidthSizePolicy="StretchToParent" HeightSizePolicy="CoverChildren" StackLayout.LayoutMethod="VerticalBottomToTop" IsVisible="@ShowBondDetails">
                          <Children>
                            <ListPanel DoNotAcceptEvents="true" HeightSizePolicy ="Fixed" SuggestedHeight="50" WidthSizePolicy="CoverChildren" StackLayout.LayoutMethod="HorizontalLeftToRight">
                              <Children>
                                <AutoHideRichTextWidget WidthSizePolicy="StretchToParent" HeightSizePolicy="CoverChildren" Brush="Crafting.Popup.Title.Tex" Text="@BondingLabel"/>
                                <SkillPointsContainerListPanel WidthSizePolicy="Fixed" HeightSizePolicy="StretchToParent" SuggestedWidth="150" CurrentFocusLevel="@BondingLevel" IsEnabled="false">
                                  <Children>
                                    <BrushWidget WidthSizePolicy="Fixed" HeightSizePolicy="Fixed" SuggestedWidth="11" SuggestedHeight="30" Brush="Skill.Point.Small" MarginRight="5" ForcePixelPerfectRenderPlacement="true"/>
                                    <BrushWidget WidthSizePolicy="Fixed" HeightSizePolicy="Fixed" SuggestedWidth="11" SuggestedHeight="30" Brush="Skill.Point.Small" MarginRight="5" ForcePixelPerfectRenderPlacement="true"/>
                                    <BrushWidget WidthSizePolicy="Fixed" HeightSizePolicy="Fixed" SuggestedWidth="11" SuggestedHeight="30" Brush="Skill.Point.Small" MarginRight="5" ForcePixelPerfectRenderPlacement="true"/>
                                    <BrushWidget WidthSizePolicy="Fixed" HeightSizePolicy="Fixed" SuggestedWidth="11" SuggestedHeight="30" Brush="Skill.Point.Small" MarginRight="5" ForcePixelPerfectRenderPlacement="true"/>
                                    <BrushWidget WidthSizePolicy="Fixed" HeightSizePolicy="Fixed" SuggestedWidth="11" SuggestedHeight="30" Brush="Skill.Point.Small" MarginRight="2" ForcePixelPerfectRenderPlacement="true"/>
                                  </Children>
                                </SkillPointsContainerListPanel>
                              </Children>
                            </ListPanel>
                            <ListPanel WidthSizePolicy="StretchToParent" HeightSizePolicy="CoverChildren" StackLayout.LayoutMethod="VerticalBottomToTop">
                              <Children>
                                <ListPanel DoNotAcceptEvents="true" HeightSizePolicy ="Fixed" SuggestedHeight="50" WidthSizePolicy="CoverChildren" StackLayout.LayoutMethod="HorizontalLeftToRight">
                                  <Children>
                                    <AutoHideRichTextWidget WidthSizePolicy="StretchToParent" HeightSizePolicy="CoverChildren" Brush="Crafting.Popup.Title.Tex" Text="@BondingProgressLabel"/>
                                    <AutoHideRichTextWidget WidthSizePolicy="Fixed" SuggestedWidth="150" HeightSizePolicy="CoverChildren" Brush="Encyclopedia.Stat.DefinitionText" Text="@BondingProgress"/>
                                  </Children>
                                </ListPanel>
                              </Children>
                            </ListPanel>
                            <!-- Other infos -->
                            <ListPanel WidthSizePolicy="StretchToParent" HeightSizePolicy="CoverChildren" StackLayout.LayoutMethod="VerticalBottomToTop">
                              <Children>
                                <ListPanel DoNotAcceptEvents="true" HeightSizePolicy ="Fixed" SuggestedHeight="50" WidthSizePolicy="CoverChildren" StackLayout.LayoutMethod="HorizontalLeftToRight">
                                  <Children>
                                    <AutoHideRichTextWidget WidthSizePolicy="StretchToParent" HeightSizePolicy="CoverChildren" Brush="Crafting.Popup.Title.Tex" Text="@DaysUsedLabel"/>
                                    <AutoHideRichTextWidget WidthSizePolicy="Fixed" SuggestedWidth="150" HeightSizePolicy="CoverChildren" Brush="Encyclopedia.Stat.DefinitionText" Text="@DaysUsed"/>
                                  </Children>
                                </ListPanel>
                              </Children>
                            </ListPanel>
                            <ListPanel WidthSizePolicy="StretchToParent" HeightSizePolicy="CoverChildren" StackLayout.LayoutMethod="VerticalBottomToTop">
                              <Children>
                                <ListPanel DoNotAcceptEvents="true" HeightSizePolicy ="Fixed" SuggestedHeight="50" WidthSizePolicy="CoverChildren" StackLayout.LayoutMethod="HorizontalLeftToRight">
                                  <Children>
                                    <AutoHideRichTextWidget WidthSizePolicy="StretchToParent" HeightSizePolicy="CoverChildren" Brush="Crafting.Popup.Title.Tex" Text="@BattlesLabel"/>
                                    <AutoHideRichTextWidget WidthSizePolicy="Fixed" SuggestedWidth="150" HeightSizePolicy="CoverChildren" Brush="Encyclopedia.Stat.DefinitionText" Text="@ParticipatedBattlesWith"/>
                                  </Children>
                                </ListPanel>
                              </Children>
                            </ListPanel>
                          </Children>
                        </ListPanel>
                        <!-- Moar infoo -->
                        <ListPanel WidthSizePolicy="StretchToParent" HeightSizePolicy="CoverChildren" StackLayout.LayoutMethod="VerticalBottomToTop">
                          <Children>
                            <ListPanel DoNotAcceptEvents="true" HeightSizePolicy ="Fixed" SuggestedHeight="50" WidthSizePolicy="CoverChildren" StackLayout.LayoutMethod="HorizontalLeftToRight">
                              <Children>
                                <AutoHideRichTextWidget WidthSizePolicy="StretchToParent" HeightSizePolicy="CoverChildren" Brush="Crafting.Popup.Title.Tex" Text="@SpeedLabel"/>
                                <AutoHideRichTextWidget WidthSizePolicy="Fixed" SuggestedWidth="150" HeightSizePolicy="CoverChildren" Brush="Encyclopedia.Stat.DefinitionText" Text="@SpeedLevel"/>
                              </Children>
                            </ListPanel>
                          </Children>
                        </ListPanel>
                        <ListPanel WidthSizePolicy="StretchToParent" HeightSizePolicy="CoverChildren" StackLayout.LayoutMethod="VerticalBottomToTop">
                          <Children>
                            <ListPanel DoNotAcceptEvents="true" HeightSizePolicy ="Fixed" SuggestedHeight="50" WidthSizePolicy="CoverChildren" StackLayout.LayoutMethod="HorizontalLeftToRight">
                              <Children>
                                <AutoHideRichTextWidget WidthSizePolicy="StretchToParent" HeightSizePolicy="CoverChildren" Brush="Crafting.Popup.Title.Tex" Text="@ManeuverLabel"/>
                                <AutoHideRichTextWidget WidthSizePolicy="Fixed" SuggestedWidth="150" HeightSizePolicy="CoverChildren" Brush="Encyclopedia.Stat.DefinitionText" Text="@ManeuverLevel"/>
                              </Children>
                            </ListPanel>
                          </Children>
                        </ListPanel>
                        <ListPanel WidthSizePolicy="StretchToParent" HeightSizePolicy="CoverChildren" StackLayout.LayoutMethod="VerticalBottomToTop">
                          <Children>
                            <ListPanel DoNotAcceptEvents="true" HeightSizePolicy ="Fixed" SuggestedHeight="50" WidthSizePolicy="CoverChildren" StackLayout.LayoutMethod="HorizontalLeftToRight">
                              <Children>
                                <AutoHideRichTextWidget WidthSizePolicy="StretchToParent" HeightSizePolicy="CoverChildren" Brush="Crafting.Popup.Title.Tex" Text="@ChargeLabel"/>
                                <AutoHideRichTextWidget WidthSizePolicy="Fixed" SuggestedWidth="150" HeightSizePolicy="CoverChildren" Brush="Encyclopedia.Stat.DefinitionText" Text="@ChargeLevel"/>
                              </Children>
                            </ListPanel>
                          </Children>
                        </ListPanel>
                      </Children>
                    </ListPanel>
                  </Children>
                </Widget>
              </Children>
            </ListPanel>
          </Children>
        </BrushListPanel>

        <!--Selection Panel-->
        <BrushListPanel VisualDefinition="SelectionPanel" PositionYOffset="1000" WidthSizePolicy="Fixed" SuggestedWidth="550" SuggestedHeight="530" HeightSizePolicy="Fixed" HorizontalAlignment="Right" VerticalAlignment="Bottom" MarginBottom="10" MarginRight="15" Brush="Frame1Brush" StackLayout.LayoutMethod="VerticalBottomToTop">
          <Children>
            <!-- Possible Horsies -->
            <Widget Id="CraftingCategoryParent" WidthSizePolicy="StretchToParent" HeightSizePolicy="StretchToParent" MarginRight="15">
              <Children>
                <Widget WidthSizePolicy="Fixed" HeightSizePolicy="Fixed" SuggestedWidth="92" SuggestedHeight="94" HorizontalAlignment="Left" MarginLeft="0" MarginTop="-50" Sprite="CharacterDeveloper\skills_icon_shadow" IsDisabled="true">
                  <Children>
                    <SkillIconVisualWidget WidthSizePolicy="Fixed" HeightSizePolicy="Fixed" SuggestedWidth="76" SuggestedHeight="76" HorizontalAlignment="Center" VerticalAlignment="Center" SkillId="riding" UseSmallVariation="true"/>
                  </Children>
                </Widget>
                <TextWidget WidthSizePolicy="StretchToParent" HeightSizePolicy="CoverChildren" Brush="Crafting.Popup.Title.Text" MarginTop="20" Text="@SelectNewHorseLabel" HorizontalAlignment="Center" VerticalAlignment="Top" />
                <Widget Id="InnerPanel" WidthSizePolicy="StretchToParent" HeightSizePolicy="StretchToParent" MarginLeft="10" MarginTop="90" HorizontalAlignment="Right" VerticalAlignment="Top">
                  <Children>
                    <ScrollablePanel WidthSizePolicy="StretchToParent" HeightSizePolicy="StretchToParent" VerticalAlignment="Top" ClipRect="ClipRect" InnerPanel="ClipRect\TroopsGrid" VerticalScrollbar="..\HideoutTroopsScrollbar\Scrollbar" MarginLeft="15">
                      <Children>
                        <Widget Id="ClipRect" WidthSizePolicy="StretchToParent" HeightSizePolicy="StretchToParent" HorizontalAlignment="Left" VerticalAlignment="Center" ClipContents="true">
                          <Children>
                            <GridWidget DataSource="{PossibleHorses}" Id="TroopsGrid" WidthSizePolicy="StretchToParent" HeightSizePolicy="CoverChildren" HorizontalAlignment="Center" ColumnCount="1" DefaultCellHeight="70" DefaultCellWidth="450" LayoutImp="GridLayout">
                              <ItemTemplate>
                                <StableItemTuple />
                              </ItemTemplate>
                            </GridWidget>
                          </Children>
                        </Widget>
                      </Children>
                    </ScrollablePanel>
                    <Standard.VerticalScrollbar Id="HideoutTroopsScrollbar" WidthSizePolicy="CoverChildren" HeightSizePolicy="StretchToParent" HorizontalAlignment="Right" VerticalAlignment="Center" />
                  </Children>
                </Widget>
              </Children>
            </Widget>
          </Children>
        </BrushListPanel>
        <RichTextWidget WidthSizePolicy="StretchToParent" HeightSizePolicy="CoverChildren" Text="@CostLbl" MarginBottom="140" VerticalAlignment="Bottom"/>
        <RichTextWidget WidthSizePolicy="StretchToParent" HeightSizePolicy="CoverChildren" Text="@NoBondWarningLbl" MarginTop="100" VerticalAlignment="Top" IsVisible="@ShowBondWarning" />
        
        <RichTextWidget WidthSizePolicy="StretchToParent" HeightSizePolicy="CoverChildren" Brush="Crafting.Popup.Title.Text" Text="@HintSubMessage" MarginBottom="100" VerticalAlignment="Bottom" IsVisible="@ShowHintMessage"/>
        <Standard.TripleDialogCloseButtons VisualDefinition="BottomMenu" PositionYOffset="100" Parameter.CancelButtonAction="ExecuteCancel" Parameter.CancelButtonText="@CancelLbl" Parameter.ResetInputKeyDataSource="{ResetInputKey}" Parameter.CancelInputKeyDataSource="{CancelInputKey}" Parameter.DoneButtonAction="ExecuteDone" Parameter.DoneButtonHoverBegin="ExecuteDoneHint" Parameter.DoneButtonHoverEnd="ExecuteCancelHint" Parameter.DoneButtonText="@DoneLbl" Parameter.DoneInputKeyDataSource="{DoneInputKey}" Parameter.ResetButtonAction="ExecuteReset" Parameter.ResetButtonHintDataSource="{ResetHint}" Parameter.DoneButtonDisabled="@IsDoneDisabled"/>
      </Children>
    </ArmorCraftingScreenWidget>
  </Window>
</Prefab>